subject_id,class,"subject_id",class
1,1,"1",1
2,1,"2",1
3,1,"3",1
4,1,"4",1
5,1,"5",1
6,1,"6",1
7,1,"7",1
8,1,"8",1
9,1,"9",1
10,2,"154",1
11,2,"155",1
12,2,"156",1
13,2,"157",1
14,2,"158",1
15,2,"159",1
16,2,"301",1
17,2,"302",1
18,2,"303",1
19,3,"304",1
20,3,"305",1
21,3,"306",1
22,3,"307",1
23,3,"308",1
24,3,"309",1
25,3,"310",1
26,4,"311",1
27,4,"312",1
28,4,"313",1
29,4,"314",1
30,4,"315",1
31,4,"316",1
32,4,"317",1
33,5,"318",1
34,5,"319",1
35,5,"320",1
36,5,"321",1
37,5,"322",1
38,5,"323",1
39,5,"324",1
40,5,"325",1
41,5,"326",1
42,5,"327",1
43,5,"328",1
44,5,"329",1
45,6,"330",1
46,6,"331",1
47,6,"332",1
48,6,"333",1
49,6,"334",1
50,6,"335",1
51,6,"336",1
52,6,"337",1
53,6,"338",1
54,7,"339",1
55,7,"340",1
56,7,"341",1
57,7,"342",1
58,7,"343",1
59,7,"344",1
60,7,"345",1
61,7,"346",1
62,7,"347",1
63,8,"348",1
64,8,"349",1
65,8,"350",1
66,8,"351",1
67,8,"352",1
68,8,"353",1
69,8,"354",1
70,8,"355",1
71,8,"356",1
72,9,"357",1
73,9,"358",1
74,9,"359",1
75,9,"360",1
76,9,"361",1
77,9,"362",1
78,9,"363",1
79,10,"364",1
80,10,"365",1
81,10,"366",1
82,10,"367",1
83,10,"368",1
84,10,"369",1
85,11,"370",1
86,11,"371",1
87,11,"372",1
88,11,"373",1
89,11,"374",1
90,11,"375",1
91,11,"376",1
92,11,"377",1
93,11,"378",1
94,12,"379",1
95,12,"380",1
96,12,"381",1
97,12,"382",1
98,12,"383",1
99,12,"384",1
100,12,"385",1
101,12,"386",1
102,12,"387",1
103,13,"388",1
104,13,"1581",1
105,13,"1582",1
106,13,"1583",1
107,13,"1584",1
108,13,"1585",1
109,14,"1586",1
110,14,"1587",1
111,14,"1588",1
112,14,"1589",1
113,14,"1590",1
114,14,"1591",1
115,15,"1592",1
116,15,"1593",1
117,15,"1594",1
118,15,"1595",1
119,15,"1596",1
120,15,"1597",1
121,15,"1598",1
122,15,"1599",1
123,16,"1600",1
124,16,"1601",1
125,16,"1602",1
126,16,"1603",1
127,16,"1604",1
128,17,"1605",1
129,17,"1606",1
130,17,"1607",1
131,17,"1608",1
132,17,"1609",1
133,17,"1610",1
134,18,"1611",1
135,18,"1612",1
136,18,"1613",1
137,18,"1614",1
138,18,"1615",1
139,18,"1616",1
140,18,"1617",1
141,18,"1618",1
142,18,"1619",1
143,19,"1620",1
144,19,"1621",1
145,19,"1622",1
146,19,"1623",1
147,19,"1624",1
148,19,"1625",1
149,19,"1626",1
150,20,"1627",1
151,20,"1628",1
152,20,"1629",1
153,20,"1630",1
154,1,"1631",1
155,1,"1632",1
156,1,"1633",1
157,1,"1634",1
158,1,"1635",1
159,1,"1636",1
160,2,"1637",1
161,2,"1638",1
162,2,"1639",1
163,2,"1640",1
164,2,"1641",1
165,2,"1642",1
166,3,"1643",1
167,3,"1644",1
168,3,"1645",1
169,3,"1646",1
170,3,"1647",1
171,3,"1648",1
172,3,"10",2
173,3,"11",2
174,4,"12",2
175,4,"13",2
176,4,"14",2
177,4,"15",2
178,4,"16",2
179,4,"17",2
180,4,"18",2
181,4,"160",2
182,5,"161",2
183,5,"162",2
184,5,"163",2
185,6,"164",2
186,6,"165",2
187,6,"389",2
188,6,"390",2
189,6,"391",2
190,6,"392",2
191,7,"393",2
192,7,"394",2
193,7,"395",2
194,7,"396",2
195,7,"397",2
196,7,"398",2
197,8,"399",2
198,8,"400",2
199,8,"401",2
200,8,"402",2
201,8,"403",2
202,8,"404",2
203,9,"405",2
204,9,"406",2
205,9,"407",2
206,9,"408",2
207,9,"409",2
208,9,"410",2
209,9,"411",2
210,9,"412",2
211,10,"413",2
212,10,"414",2
213,10,"415",2
214,10,"416",2
215,10,"417",2
216,10,"418",2
217,10,"419",2
218,10,"420",2
219,10,"421",2
220,11,"422",2
221,11,"423",2
222,11,"424",2
223,11,"425",2
224,11,"426",2
225,11,"427",2
226,12,"428",2
227,12,"429",2
228,12,"430",2
229,12,"431",2
230,12,"432",2
231,12,"433",2
232,13,"434",2
233,13,"435",2
234,13,"436",2
235,13,"437",2
236,13,"438",2
237,13,"439",2
238,13,"440",2
239,13,"441",2
240,13,"442",2
241,14,"443",2
242,14,"444",2
243,14,"445",2
244,14,"446",2
245,14,"447",2
246,14,"448",2
247,14,"449",2
248,14,"450",2
249,14,"451",2
250,15,"452",2
251,15,"1649",2
252,15,"1650",2
253,15,"1651",2
254,15,"1652",2
255,15,"1653",2
256,15,"1654",2
257,16,"1655",2
258,16,"1656",2
259,16,"1657",2
260,16,"1658",2
261,16,"1659",2
262,16,"1660",2
263,16,"1661",2
264,16,"1662",2
265,16,"1663",2
266,16,"1664",2
267,17,"1665",2
268,17,"1666",2
269,17,"1667",2
270,17,"1668",2
271,17,"1669",2
272,17,"1670",2
273,17,"1671",2
274,17,"1672",2
275,17,"1673",2
276,18,"1674",2
277,18,"1675",2
278,18,"1676",2
279,18,"1677",2
280,18,"1678",2
281,18,"1679",2
282,19,"1680",2
283,19,"1681",2
284,19,"1682",2
285,19,"1683",2
286,19,"1684",2
287,19,"1685",2
288,19,"1686",2
289,19,"1687",2
290,20,"1688",2
291,20,"1689",2
292,20,"1690",2
293,20,"1691",2
294,20,"1692",2
295,20,"1693",2
296,20,"1694",2
297,20,"1695",2
298,20,"1696",2
299,20,"1697",2
300,20,"1698",2
301,1,"1699",2
302,1,"1700",2
303,1,"1701",2
304,1,"1702",2
305,1,"1703",2
306,1,"1704",2
307,1,"1705",2
308,1,"1706",2
309,1,"1707",2
310,1,"1708",2
311,1,"1709",2
312,1,"1710",2
313,1,"19",3
314,1,"20",3
315,1,"21",3
316,1,"22",3
317,1,"23",3
318,1,"24",3
319,1,"25",3
320,1,"166",3
321,1,"167",3
322,1,"168",3
323,1,"169",3
324,1,"170",3
325,1,"171",3
326,1,"172",3
327,1,"173",3
328,1,"453",3
329,1,"454",3
330,1,"455",3
331,1,"456",3
332,1,"457",3
333,1,"458",3
334,1,"459",3
335,1,"460",3
336,1,"461",3
337,1,"462",3
338,1,"463",3
339,1,"464",3
340,1,"465",3
341,1,"466",3
342,1,"467",3
343,1,"468",3
344,1,"469",3
345,1,"470",3
346,1,"471",3
347,1,"472",3
348,1,"473",3
349,1,"474",3
350,1,"475",3
351,1,"476",3
352,1,"477",3
353,1,"478",3
354,1,"479",3
355,1,"480",3
356,1,"481",3
357,1,"482",3
358,1,"483",3
359,1,"484",3
360,1,"485",3
361,1,"486",3
362,1,"487",3
363,1,"488",3
364,1,"489",3
365,1,"490",3
366,1,"491",3
367,1,"492",3
368,1,"493",3
369,1,"494",3
370,1,"495",3
371,1,"496",3
372,1,"497",3
373,1,"498",3
374,1,"499",3
375,1,"500",3
376,1,"1711",3
377,1,"1712",3
378,1,"1713",3
379,1,"1714",3
380,1,"1715",3
381,1,"1716",3
382,1,"1717",3
383,1,"1718",3
384,1,"1719",3
385,1,"1720",3
386,1,"1721",3
387,1,"1722",3
388,1,"1723",3
389,2,"1724",3
390,2,"1725",3
391,2,"1726",3
392,2,"1727",3
393,2,"1728",3
394,2,"1729",3
395,2,"1730",3
396,2,"1731",3
397,2,"1732",3
398,2,"1733",3
399,2,"1734",3
400,2,"1735",3
401,2,"1736",3
402,2,"1737",3
403,2,"1738",3
404,2,"1739",3
405,2,"1740",3
406,2,"1741",3
407,2,"1742",3
408,2,"1743",3
409,2,"1744",3
410,2,"1745",3
411,2,"1746",3
412,2,"1747",3
413,2,"1748",3
414,2,"1749",3
415,2,"1750",3
416,2,"1751",3
417,2,"1752",3
418,2,"1753",3
419,2,"1754",3
420,2,"1755",3
421,2,"1756",3
422,2,"1757",3
423,2,"1758",3
424,2,"1759",3
425,2,"1760",3
426,2,"1761",3
427,2,"1762",3
428,2,"1763",3
429,2,"1764",3
430,2,"1765",3
431,2,"1766",3
432,2,"1767",3
433,2,"1768",3
434,2,"1769",3
435,2,"1770",3
436,2,"1771",3
437,2,"1772",3
438,2,"1773",3
439,2,"1774",3
440,2,"1775",3
441,2,"1776",3
442,2,"1777",3
443,2,"1778",3
444,2,"1779",3
445,2,"1780",3
446,2,"1781",3
447,2,"1782",3
448,2,"1783",3
449,2,"1784",3
450,2,"1785",3
451,2,"1786",3
452,2,"1787",3
453,3,"1788",3
454,3,"1789",3
455,3,"26",4
456,3,"27",4
457,3,"28",4
458,3,"29",4
459,3,"30",4
460,3,"31",4
461,3,"32",4
462,3,"174",4
463,3,"175",4
464,3,"176",4
465,3,"177",4
466,3,"178",4
467,3,"179",4
468,3,"180",4
469,3,"181",4
470,3,"501",4
471,3,"502",4
472,3,"503",4
473,3,"504",4
474,3,"505",4
475,3,"506",4
476,3,"507",4
477,3,"508",4
478,3,"509",4
479,3,"510",4
480,3,"511",4
481,3,"512",4
482,3,"513",4
483,3,"514",4
484,3,"515",4
485,3,"516",4
486,3,"517",4
487,3,"518",4
488,3,"519",4
489,3,"520",4
490,3,"521",4
491,3,"522",4
492,3,"523",4
493,3,"524",4
494,3,"525",4
495,3,"526",4
496,3,"527",4
497,3,"528",4
498,3,"529",4
499,3,"530",4
500,3,"531",4
501,4,"532",4
502,4,"533",4
503,4,"534",4
504,4,"535",4
505,4,"536",4
506,4,"537",4
507,4,"538",4
508,4,"539",4
509,4,"540",4
510,4,"541",4
511,4,"542",4
512,4,"543",4
513,4,"544",4
514,4,"545",4
515,4,"546",4
516,4,"547",4
517,4,"548",4
518,4,"549",4
519,4,"550",4
520,4,"551",4
521,4,"552",4
522,4,"553",4
523,4,"554",4
524,4,"555",4
525,4,"556",4
526,4,"557",4
527,4,"558",4
528,4,"559",4
529,4,"560",4
530,4,"561",4
531,4,"562",4
532,4,"563",4
533,4,"564",4
534,4,"565",4
535,4,"566",4
536,4,"567",4
537,4,"568",4
538,4,"569",4
539,4,"570",4
540,4,"571",4
541,4,"572",4
542,4,"573",4
543,4,"574",4
544,4,"575",4
545,4,"1790",4
546,4,"1791",4
547,4,"1792",4
548,4,"1793",4
549,4,"1794",4
550,4,"1795",4
551,4,"1796",4
552,4,"1797",4
553,4,"1798",4
554,4,"1799",4
555,4,"1800",4
556,4,"1801",4
557,4,"1802",4
558,4,"1803",4
559,4,"1804",4
560,4,"1805",4
561,4,"1806",4
562,4,"1807",4
563,4,"1808",4
564,4,"1809",4
565,4,"1810",4
566,4,"1811",4
567,4,"1812",4
568,4,"1813",4
569,4,"1814",4
570,4,"1815",4
571,4,"1816",4
572,4,"1817",4
573,4,"1818",4
574,4,"1819",4
575,4,"1820",4
576,5,"1821",4
577,5,"1822",4
578,5,"1823",4
579,5,"1824",4
580,5,"1825",4
581,5,"1826",4
582,5,"1827",4
583,5,"1828",4
584,5,"1829",4
585,5,"1830",4
586,5,"1831",4
587,5,"1832",4
588,5,"1833",4
589,5,"1834",4
590,5,"1835",4
591,5,"1836",4
592,5,"1837",4
593,5,"1838",4
594,5,"1839",4
595,5,"1840",4
596,5,"1841",4
597,5,"1842",4
598,5,"1843",4
599,5,"1844",4
600,5,"1845",4
601,5,"1846",4
602,5,"1847",4
603,5,"1848",4
604,5,"1849",4
605,5,"1850",4
606,5,"1851",4
607,5,"1852",4
608,5,"1853",4
609,5,"1854",4
610,5,"1855",4
611,5,"1856",4
612,5,"33",5
613,5,"34",5
614,5,"35",5
615,5,"36",5
616,5,"37",5
617,5,"38",5
618,5,"39",5
619,5,"40",5
620,5,"41",5
621,5,"42",5
622,5,"43",5
623,5,"44",5
624,5,"182",5
625,5,"183",5
626,5,"184",5
627,5,"576",5
628,5,"577",5
629,5,"578",5
630,5,"579",5
631,5,"580",5
632,5,"581",5
633,5,"582",5
634,5,"583",5
635,5,"584",5
636,5,"585",5
637,5,"586",5
638,5,"587",5
639,5,"588",5
640,5,"589",5
641,5,"590",5
642,5,"591",5
643,5,"592",5
644,5,"593",5
645,5,"594",5
646,5,"595",5
647,5,"596",5
648,5,"597",5
649,5,"598",5
650,5,"599",5
651,5,"600",5
652,5,"601",5
653,5,"602",5
654,5,"603",5
655,5,"604",5
656,5,"605",5
657,5,"606",5
658,5,"607",5
659,5,"608",5
660,5,"609",5
661,5,"610",5
662,5,"611",5
663,5,"612",5
664,5,"613",5
665,5,"614",5
666,5,"615",5
667,5,"616",5
668,5,"617",5
669,5,"618",5
670,5,"619",5
671,5,"620",5
672,5,"621",5
673,5,"622",5
674,5,"623",5
675,5,"624",5
676,5,"625",5
677,6,"626",5
678,6,"627",5
679,6,"628",5
680,6,"629",5
681,6,"630",5
682,6,"631",5
683,6,"632",5
684,6,"633",5
685,6,"634",5
686,6,"635",5
687,6,"636",5
688,6,"637",5
689,6,"638",5
690,6,"639",5
691,6,"640",5
692,6,"641",5
693,6,"642",5
694,6,"643",5
695,6,"644",5
696,6,"645",5
697,6,"646",5
698,6,"647",5
699,6,"648",5
700,6,"649",5
701,6,"650",5
702,6,"651",5
703,6,"652",5
704,6,"653",5
705,6,"654",5
706,6,"655",5
707,6,"656",5
708,6,"657",5
709,6,"658",5
710,6,"659",5
711,6,"660",5
712,6,"661",5
713,6,"662",5
714,6,"663",5
715,6,"664",5
716,6,"665",5
717,6,"666",5
718,6,"667",5
719,6,"668",5
720,6,"669",5
721,6,"670",5
722,6,"671",5
723,6,"672",5
724,6,"673",5
725,6,"674",5
726,6,"675",5
727,6,"676",5
728,6,"1857",5
729,6,"1858",5
730,6,"1859",5
731,6,"1860",5
732,6,"1861",5
733,6,"1862",5
734,7,"1863",5
735,7,"1864",5
736,7,"1865",5
737,7,"1866",5
738,7,"1867",5
739,7,"1868",5
740,7,"1869",5
741,7,"1870",5
742,7,"1871",5
743,7,"1872",5
744,7,"1873",5
745,7,"1874",5
746,7,"1875",5
747,7,"1876",5
748,7,"1877",5
749,7,"1878",5
750,7,"1879",5
751,7,"1880",5
752,7,"1881",5
753,7,"1882",5
754,7,"1883",5
755,7,"1884",5
756,7,"1885",5
757,7,"1886",5
758,7,"1887",5
759,7,"1888",5
760,7,"1889",5
761,7,"1890",5
762,7,"1891",5
763,7,"1892",5
764,7,"1893",5
765,7,"1894",5
766,7,"1895",5
767,7,"1896",5
768,7,"1897",5
769,7,"1898",5
770,7,"1899",5
771,7,"1900",5
772,7,"1901",5
773,7,"1902",5
774,7,"1903",5
775,7,"1904",5
776,7,"1905",5
777,7,"1906",5
778,7,"1907",5
779,7,"1908",5
780,7,"1909",5
781,7,"1910",5
782,8,"1911",5
783,8,"1912",5
784,8,"1913",5
785,8,"1914",5
786,8,"1915",5
787,8,"1916",5
788,8,"1917",5
789,8,"1918",5
790,8,"1919",5
791,8,"1920",5
792,8,"1921",5
793,8,"1922",5
794,8,"1923",5
795,8,"1924",5
796,8,"1925",5
797,8,"1926",5
798,8,"45",6
799,8,"46",6
800,8,"47",6
801,8,"48",6
802,8,"49",6
803,8,"50",6
804,8,"51",6
805,8,"52",6
806,8,"53",6
807,8,"185",6
808,8,"186",6
809,8,"187",6
810,8,"188",6
811,8,"189",6
812,8,"190",6
813,8,"677",6
814,8,"678",6
815,8,"679",6
816,8,"680",6
817,8,"681",6
818,8,"682",6
819,8,"683",6
820,8,"684",6
821,8,"685",6
822,8,"686",6
823,8,"687",6
824,8,"688",6
825,8,"689",6
826,8,"690",6
827,8,"691",6
828,8,"692",6
829,8,"693",6
830,8,"694",6
831,8,"695",6
832,8,"696",6
833,8,"697",6
834,8,"698",6
835,8,"699",6
836,8,"700",6
837,8,"701",6
838,8,"702",6
839,8,"703",6
840,8,"704",6
841,8,"705",6
842,8,"706",6
843,8,"707",6
844,8,"708",6
845,8,"709",6
846,8,"710",6
847,8,"711",6
848,8,"712",6
849,8,"713",6
850,8,"714",6
851,8,"715",6
852,8,"716",6
853,9,"717",6
854,9,"718",6
855,9,"719",6
856,9,"720",6
857,9,"721",6
858,9,"722",6
859,9,"723",6
860,9,"724",6
861,9,"725",6
862,9,"726",6
863,9,"727",6
864,9,"728",6
865,9,"729",6
866,9,"730",6
867,9,"731",6
868,9,"732",6
869,9,"733",6
870,9,"1927",6
871,9,"1928",6
872,9,"1929",6
873,9,"1930",6
874,9,"1931",6
875,9,"1932",6
876,9,"1933",6
877,9,"1934",6
878,9,"1935",6
879,9,"1936",6
880,9,"1937",6
881,9,"1938",6
882,9,"1939",6
883,9,"1940",6
884,9,"1941",6
885,9,"1942",6
886,9,"1943",6
887,9,"1944",6
888,9,"1945",6
889,9,"1946",6
890,9,"1947",6
891,9,"1948",6
892,9,"1949",6
893,9,"1950",6
894,9,"1951",6
895,9,"1952",6
896,9,"1953",6
897,9,"1954",6
898,9,"1955",6
899,9,"1956",6
900,9,"1957",6
901,9,"1958",6
902,9,"1959",6
903,9,"1960",6
904,9,"1961",6
905,9,"1962",6
906,9,"1963",6
907,9,"1964",6
908,9,"1965",6
909,9,"1966",6
910,9,"1967",6
911,9,"1968",6
912,9,"1969",6
913,9,"1970",6
914,9,"1971",6
915,10,"1972",6
916,10,"1973",6
917,10,"1974",6
918,10,"1975",6
919,10,"1976",6
920,10,"1977",6
921,10,"1978",6
922,10,"1979",6
923,10,"1980",6
924,10,"1981",6
925,10,"1982",6
926,10,"1983",6
927,10,"1984",6
928,10,"1985",6
929,10,"1986",6
930,10,"1987",6
931,10,"1988",6
932,10,"1989",6
933,10,"1990",6
934,10,"1991",6
935,10,"1992",6
936,10,"54",7
937,10,"55",7
938,10,"56",7
939,10,"57",7
940,10,"58",7
941,10,"59",7
942,10,"60",7
943,10,"61",7
944,10,"62",7
945,10,"191",7
946,10,"192",7
947,10,"193",7
948,10,"194",7
949,10,"195",7
950,10,"196",7
951,10,"734",7
952,10,"735",7
953,10,"736",7
954,10,"737",7
955,10,"738",7
956,10,"739",7
957,10,"740",7
958,10,"741",7
959,10,"742",7
960,10,"743",7
961,10,"744",7
962,10,"745",7
963,10,"746",7
964,10,"747",7
965,11,"748",7
966,11,"749",7
967,11,"750",7
968,11,"751",7
969,11,"752",7
970,11,"753",7
971,11,"754",7
972,11,"755",7
973,11,"756",7
974,11,"757",7
975,11,"758",7
976,11,"759",7
977,11,"760",7
978,11,"761",7
979,11,"762",7
980,11,"763",7
981,11,"764",7
982,11,"765",7
983,11,"766",7
984,11,"767",7
985,11,"768",7
986,11,"769",7
987,11,"770",7
988,11,"771",7
989,11,"772",7
990,11,"773",7
991,11,"774",7
992,11,"775",7
993,11,"776",7
994,11,"777",7
995,11,"778",7
996,11,"779",7
997,11,"780",7
998,11,"781",7
999,11,"1993",7
1000,11,"1994",7
1001,11,"1995",7
1002,11,"1996",7
1003,11,"1997",7
1004,11,"1998",7
1005,11,"1999",7
1006,11,"2000",7
1007,11,"2001",7
1008,11,"2002",7
1009,11,"2003",7
1010,11,"2004",7
1011,11,"2005",7
1012,11,"2006",7
1013,11,"2007",7
1014,11,"2008",7
1015,11,"2009",7
1016,11,"2010",7
1017,11,"2011",7
1018,11,"2012",7
1019,11,"2013",7
1020,11,"2014",7
1021,11,"2015",7
1022,11,"2016",7
1023,11,"2017",7
1024,12,"2018",7
1025,12,"2019",7
1026,12,"2020",7
1027,12,"2021",7
1028,12,"2022",7
1029,12,"2023",7
1030,12,"2024",7
1031,12,"2025",7
1032,12,"2026",7
1033,12,"2027",7
1034,12,"2028",7
1035,12,"2029",7
1036,12,"2030",7
1037,12,"2031",7
1038,12,"2032",7
1039,12,"2033",7
1040,12,"2034",7
1041,12,"2035",7
1042,12,"2036",7
1043,12,"2037",7
1044,12,"2038",7
1045,12,"2039",7
1046,12,"2040",7
1047,12,"2041",7
1048,12,"2042",7
1049,12,"2043",7
1050,12,"2044",7
1051,12,"2045",7
1052,12,"2046",7
1053,12,"2047",7
1054,12,"2048",7
1055,12,"2049",7
1056,12,"2050",7
1057,12,"2051",7
1058,12,"2052",7
1059,12,"2053",7
1060,12,"2054",7
1061,12,"2055",7
1062,12,"2056",7
1063,12,"63",8
1064,12,"64",8
1065,12,"65",8
1066,12,"66",8
1067,12,"67",8
1068,12,"68",8
1069,12,"69",8
1070,12,"70",8
1071,12,"71",8
1072,12,"197",8
1073,12,"198",8
1074,12,"199",8
1075,12,"200",8
1076,12,"201",8
1077,12,"202",8
1078,12,"782",8
1079,12,"783",8
1080,12,"784",8
1081,12,"785",8
1082,12,"786",8
1083,12,"787",8
1084,12,"788",8
1085,13,"789",8
1086,13,"790",8
1087,13,"791",8
1088,13,"792",8
1089,13,"793",8
1090,13,"794",8
1091,13,"795",8
1092,13,"796",8
1093,13,"797",8
1094,13,"798",8
1095,13,"799",8
1096,13,"800",8
1097,13,"801",8
1098,13,"802",8
1099,13,"803",8
1100,13,"804",8
1101,13,"805",8
1102,13,"806",8
1103,13,"807",8
1104,13,"808",8
1105,13,"809",8
1106,13,"810",8
1107,13,"811",8
1108,13,"812",8
1109,13,"813",8
1110,13,"814",8
1111,13,"815",8
1112,13,"816",8
1113,13,"817",8
1114,13,"818",8
1115,13,"819",8
1116,13,"820",8
1117,13,"821",8
1118,13,"822",8
1119,13,"823",8
1120,13,"824",8
1121,13,"825",8
1122,13,"826",8
1123,13,"827",8
1124,13,"828",8
1125,13,"829",8
1126,13,"830",8
1127,13,"831",8
1128,13,"832",8
1129,13,"833",8
1130,13,"834",8
1131,13,"835",8
1132,13,"836",8
1133,13,"837",8
1134,13,"838",8
1135,13,"839",8
1136,13,"840",8
1137,13,"841",8
1138,13,"842",8
1139,13,"843",8
1140,13,"844",8
1141,13,"845",8
1142,13,"846",8
1143,13,"847",8
1144,13,"848",8
1145,13,"849",8
1146,13,"850",8
1147,13,"851",8
1148,13,"852",8
1149,14,"2057",8
1150,14,"2058",8
1151,14,"2059",8
1152,14,"2060",8
1153,14,"2061",8
1154,14,"2062",8
1155,14,"2063",8
1156,14,"2064",8
1157,14,"2065",8
1158,14,"2066",8
1159,14,"2067",8
1160,14,"2068",8
1161,14,"2069",8
1162,14,"2070",8
1163,14,"2071",8
1164,14,"2072",8
1165,14,"2073",8
1166,14,"2074",8
1167,14,"2075",8
1168,14,"2076",8
1169,14,"2077",8
1170,14,"2078",8
1171,14,"2079",8
1172,14,"2080",8
1173,14,"2081",8
1174,14,"2082",8
1175,14,"2083",8
1176,14,"2084",8
1177,14,"2085",8
1178,14,"2086",8
1179,14,"2087",8
1180,14,"2088",8
1181,14,"2089",8
1182,14,"2090",8
1183,14,"2091",8
1184,14,"2092",8
1185,14,"2093",8
1186,14,"2094",8
1187,14,"2095",8
1188,14,"2096",8
1189,14,"2097",8
1190,14,"2098",8
1191,14,"2099",8
1192,14,"2100",8
1193,14,"2101",8
1194,14,"2102",8
1195,14,"2103",8
1196,14,"2104",8
1197,14,"2105",8
1198,14,"2106",8
1199,14,"2107",8
1200,15,"2108",8
1201,15,"2109",8
1202,15,"2110",8
1203,15,"2111",8
1204,15,"2112",8
1205,15,"2113",8
1206,15,"2114",8
1207,15,"2115",8
1208,15,"2116",8
1209,15,"2117",8
1210,15,"2118",8
1211,15,"2119",8
1212,15,"2120",8
1213,15,"2121",8
1214,15,"2122",8
1215,15,"2123",8
1216,15,"2124",8
1217,15,"2125",8
1218,15,"2126",8
1219,15,"2127",8
1220,15,"2128",8
1221,15,"2129",8
1222,15,"2130",8
1223,15,"2131",8
1224,15,"2132",8
1225,15,"2133",8
1226,15,"2134",8
1227,15,"2135",8
1228,15,"2136",8
1229,15,"2137",8
1230,15,"2138",8
1231,15,"2139",8
1232,15,"2140",8
1233,15,"2141",8
1234,15,"2142",8
1235,15,"2143",8
1236,15,"2144",8
1237,15,"72",9
1238,15,"73",9
1239,15,"74",9
1240,15,"75",9
1241,15,"76",9
1242,15,"77",9
1243,15,"78",9
1244,15,"203",9
1245,15,"204",9
1246,15,"205",9
1247,15,"206",9
1248,15,"207",9
1249,15,"208",9
1250,15,"209",9
1251,15,"210",9
1252,15,"853",9
1253,15,"854",9
1254,15,"855",9
1255,15,"856",9
1256,16,"857",9
1257,16,"858",9
1258,16,"859",9
1259,16,"860",9
1260,16,"861",9
1261,16,"862",9
1262,16,"863",9
1263,16,"864",9
1264,16,"865",9
1265,16,"866",9
1266,16,"867",9
1267,16,"868",9
1268,16,"869",9
1269,16,"870",9
1270,16,"871",9
1271,16,"872",9
1272,16,"873",9
1273,16,"874",9
1274,16,"875",9
1275,16,"876",9
1276,16,"877",9
1277,16,"878",9
1278,16,"879",9
1279,16,"880",9
1280,16,"881",9
1281,16,"882",9
1282,16,"883",9
1283,16,"884",9
1284,16,"885",9
1285,16,"886",9
1286,16,"887",9
1287,16,"888",9
1288,16,"889",9
1289,16,"890",9
1290,16,"891",9
1291,16,"892",9
1292,16,"893",9
1293,16,"894",9
1294,16,"895",9
1295,16,"896",9
1296,16,"897",9
1297,16,"898",9
1298,16,"899",9
1299,16,"900",9
1300,16,"901",9
1301,16,"902",9
1302,16,"903",9
1303,16,"904",9
1304,16,"905",9
1305,16,"906",9
1306,16,"907",9
1307,16,"908",9
1308,16,"909",9
1309,16,"910",9
1310,16,"911",9
1311,16,"912",9
1312,16,"913",9
1313,16,"914",9
1314,16,"2145",9
1315,16,"2146",9
1316,16,"2147",9
1317,16,"2148",9
1318,17,"2149",9
1319,17,"2150",9
1320,17,"2151",9
1321,17,"2152",9
1322,17,"2153",9
1323,17,"2154",9
1324,17,"2155",9
1325,17,"2156",9
1326,17,"2157",9
1327,17,"2158",9
1328,17,"2159",9
1329,17,"2160",9
1330,17,"2161",9
1331,17,"2162",9
1332,17,"2163",9
1333,17,"2164",9
1334,17,"2165",9
1335,17,"2166",9
1336,17,"2167",9
1337,17,"2168",9
1338,17,"2169",9
1339,17,"2170",9
1340,17,"2171",9
1341,17,"2172",9
1342,17,"2173",9
1343,17,"2174",9
1344,17,"2175",9
1345,17,"2176",9
1346,17,"2177",9
1347,17,"2178",9
1348,17,"2179",9
1349,17,"2180",9
1350,17,"2181",9
1351,17,"2182",9
1352,17,"2183",9
1353,17,"2184",9
1354,17,"2185",9
1355,17,"2186",9
1356,17,"2187",9
1357,17,"2188",9
1358,17,"2189",9
1359,17,"2190",9
1360,17,"2191",9
1361,17,"2192",9
1362,17,"79",10
1363,17,"80",10
1364,17,"81",10
1365,17,"82",10
1366,17,"83",10
1367,17,"84",10
1368,17,"211",10
1369,17,"212",10
1370,17,"213",10
1371,17,"214",10
1372,17,"215",10
1373,17,"216",10
1374,17,"217",10
1375,17,"218",10
1376,17,"219",10
1377,17,"915",10
1378,17,"916",10
1379,17,"917",10
1380,17,"918",10
1381,17,"919",10
1382,17,"920",10
1383,17,"921",10
1384,17,"922",10
1385,17,"923",10
1386,18,"924",10
1387,18,"925",10
1388,18,"926",10
1389,18,"927",10
1390,18,"928",10
1391,18,"929",10
1392,18,"930",10
1393,18,"931",10
1394,18,"932",10
1395,18,"933",10
1396,18,"934",10
1397,18,"935",10
1398,18,"936",10
1399,18,"937",10
1400,18,"938",10
1401,18,"939",10
1402,18,"940",10
1403,18,"941",10
1404,18,"942",10
1405,18,"943",10
1406,18,"944",10
1407,18,"945",10
1408,18,"946",10
1409,18,"947",10
1410,18,"948",10
1411,18,"949",10
1412,18,"950",10
1413,18,"951",10
1414,18,"952",10
1415,18,"953",10
1416,18,"954",10
1417,18,"955",10
1418,18,"956",10
1419,18,"957",10
1420,18,"958",10
1421,18,"959",10
1422,18,"960",10
1423,18,"961",10
1424,18,"962",10
1425,18,"963",10
1426,18,"964",10
1427,18,"2193",10
1428,18,"2194",10
1429,18,"2195",10
1430,18,"2196",10
1431,18,"2197",10
1432,18,"2198",10
1433,18,"2199",10
1434,18,"2200",10
1435,18,"2201",10
1436,18,"2202",10
1437,19,"2203",10
1438,19,"2204",10
1439,19,"2205",10
1440,19,"2206",10
1441,19,"2207",10
1442,19,"2208",10
1443,19,"2209",10
1444,19,"2210",10
1445,19,"2211",10
1446,19,"2212",10
1447,19,"2213",10
1448,19,"2214",10
1449,19,"2215",10
1450,19,"2216",10
1451,19,"2217",10
1452,19,"2218",10
1453,19,"2219",10
1454,19,"2220",10
1455,19,"2221",10
1456,19,"2222",10
1457,19,"2223",10
1458,19,"2224",10
1459,19,"2225",10
1460,19,"2226",10
1461,19,"2227",10
1462,19,"2228",10
1463,19,"2229",10
1464,19,"2230",10
1465,19,"2231",10
1466,19,"2232",10
1467,19,"2233",10
1468,19,"2234",10
1469,19,"2235",10
1470,19,"2236",10
1471,19,"2237",10
1472,19,"2238",10
1473,19,"2239",10
1474,19,"2240",10
1475,19,"2241",10
1476,19,"2242",10
1477,19,"2243",10
1478,19,"2244",10
1479,19,"2245",10
1480,19,"2246",10
1481,19,"2247",10
1482,19,"2248",10
1483,19,"2249",10
1484,19,"2250",10
1485,19,"2251",10
1486,19,"2252",10
1487,19,"2253",10
1488,19,"2254",10
1489,19,"2255",10
1490,19,"2256",10
1491,19,"2257",10
1492,19,"85",11
1493,19,"86",11
1494,19,"87",11
1495,19,"88",11
1496,19,"89",11
1497,20,"90",11
1498,20,"91",11
1499,20,"92",11
1500,20,"93",11
1501,20,"220",11
1502,20,"221",11
1503,20,"222",11
1504,20,"223",11
1505,20,"224",11
1506,20,"225",11
1507,20,"965",11
1508,20,"966",11
1509,20,"967",11
1510,20,"968",11
1511,20,"969",11
1512,20,"970",11
1513,20,"971",11
1514,20,"972",11
1515,20,"973",11
1516,20,"974",11
1517,20,"975",11
1518,20,"976",11
1519,20,"977",11
1520,20,"978",11
1521,20,"979",11
1522,20,"980",11
1523,20,"981",11
1524,20,"982",11
1525,20,"983",11
1526,20,"984",11
1527,20,"985",11
1528,20,"986",11
1529,20,"987",11
1530,20,"988",11
1531,20,"989",11
1532,20,"990",11
1533,20,"991",11
1534,20,"992",11
1535,20,"993",11
1536,20,"994",11
1537,20,"995",11
1538,20,"996",11
1539,20,"997",11
1540,20,"998",11
1541,20,"999",11
1542,20,"1000",11
1543,20,"1001",11
1544,20,"1002",11
1545,20,"1003",11
1546,20,"1004",11
1547,20,"1005",11
1548,20,"1006",11
1549,20,"1007",11
1550,20,"1008",11
1551,20,"1009",11
1552,20,"1010",11
1553,20,"1011",11
1554,20,"1012",11
1555,20,"1013",11
1556,20,"1014",11
1557,20,"1015",11
1558,20,"1016",11
1559,20,"1017",11
1560,20,"1018",11
1561,20,"1019",11
1562,20,"1020",11
1563,20,"1021",11
1564,20,"1022",11
1565,20,"1023",11
1566,20,"2258",11
1567,20,"2259",11
1568,20,"2260",11
1569,20,"2261",11
1570,20,"2262",11
1571,20,"2263",11
1572,20,"2264",11
1573,20,"2265",11
1574,20,"2266",11
1575,20,"2267",11
1576,20,"2268",11
1577,20,"2269",11
1578,20,"2270",11
1579,20,"2271",11
1580,20,"2272",11
1581,1,"2273",11
1582,1,"2274",11
1583,1,"2275",11
1584,1,"2276",11
1585,1,"2277",11
1586,1,"2278",11
1587,1,"2279",11
1588,1,"2280",11
1589,1,"2281",11
1590,1,"2282",11
1591,1,"2283",11
1592,1,"2284",11
1593,1,"2285",11
1594,1,"2286",11
1595,1,"2287",11
1596,1,"2288",11
1597,1,"2289",11
1598,1,"2290",11
1599,1,"2291",11
1600,1,"2292",11
1601,1,"2293",11
1602,1,"2294",11
1603,1,"2295",11
1604,1,"2296",11
1605,1,"2297",11
1606,1,"2298",11
1607,1,"2299",11
1608,1,"2300",11
1609,1,"2301",11
1610,1,"2302",11
1611,1,"2303",11
1612,1,"2304",11
1613,1,"2305",11
1614,1,"2306",11
1615,1,"2307",11
1616,1,"2308",11
1617,1,"2309",11
1618,1,"2310",11
1619,1,"2311",11
1620,1,"2312",11
1621,1,"2313",11
1622,1,"2314",11
1623,1,"2315",11
1624,1,"2316",11
1625,1,"2317",11
1626,1,"2318",11
1627,1,"2319",11
1628,1,"2320",11
1629,1,"2321",11
1630,1,"2322",11
1631,1,"2323",11
1632,1,"2324",11
1633,1,"94",12
1634,1,"95",12
1635,1,"96",12
1636,1,"97",12
1637,1,"98",12
1638,1,"99",12
1639,1,"100",12
1640,1,"101",12
1641,1,"102",12
1642,1,"226",12
1643,1,"227",12
1644,1,"228",12
1645,1,"229",12
1646,1,"230",12
1647,1,"231",12
1648,1,"1024",12
1649,2,"1025",12
1650,2,"1026",12
1651,2,"1027",12
1652,2,"1028",12
1653,2,"1029",12
1654,2,"1030",12
1655,2,"1031",12
1656,2,"1032",12
1657,2,"1033",12
1658,2,"1034",12
1659,2,"1035",12
1660,2,"1036",12
1661,2,"1037",12
1662,2,"1038",12
1663,2,"1039",12
1664,2,"1040",12
1665,2,"1041",12
1666,2,"1042",12
1667,2,"1043",12
1668,2,"1044",12
1669,2,"1045",12
1670,2,"1046",12
1671,2,"1047",12
1672,2,"1048",12
1673,2,"1049",12
1674,2,"1050",12
1675,2,"1051",12
1676,2,"1052",12
1677,2,"1053",12
1678,2,"1054",12
1679,2,"1055",12
1680,2,"1056",12
1681,2,"1057",12
1682,2,"1058",12
1683,2,"1059",12
1684,2,"1060",12
1685,2,"1061",12
1686,2,"1062",12
1687,2,"1063",12
1688,2,"1064",12
1689,2,"1065",12
1690,2,"1066",12
1691,2,"1067",12
1692,2,"1068",12
1693,2,"1069",12
1694,2,"1070",12
1695,2,"1071",12
1696,2,"1072",12
1697,2,"1073",12
1698,2,"1074",12
1699,2,"1075",12
1700,2,"1076",12
1701,2,"1077",12
1702,2,"1078",12
1703,2,"1079",12
1704,2,"1080",12
1705,2,"1081",12
1706,2,"1082",12
1707,2,"1083",12
1708,2,"1084",12
1709,2,"2325",12
1710,2,"2326",12
1711,3,"2327",12
1712,3,"2328",12
1713,3,"2329",12
1714,3,"2330",12
1715,3,"2331",12
1716,3,"2332",12
1717,3,"2333",12
1718,3,"2334",12
1719,3,"2335",12
1720,3,"2336",12
1721,3,"2337",12
1722,3,"2338",12
1723,3,"2339",12
1724,3,"2340",12
1725,3,"2341",12
1726,3,"2342",12
1727,3,"2343",12
1728,3,"2344",12
1729,3,"2345",12
1730,3,"2346",12
1731,3,"2347",12
1732,3,"2348",12
1733,3,"2349",12
1734,3,"2350",12
1735,3,"2351",12
1736,3,"2352",12
1737,3,"2353",12
1738,3,"2354",12
1739,3,"2355",12
1740,3,"2356",12
1741,3,"2357",12
1742,3,"2358",12
1743,3,"2359",12
1744,3,"2360",12
1745,3,"2361",12
1746,3,"2362",12
1747,3,"2363",12
1748,3,"2364",12
1749,3,"2365",12
1750,3,"2366",12
1751,3,"2367",12
1752,3,"2368",12
1753,3,"2369",12
1754,3,"2370",12
1755,3,"2371",12
1756,3,"2372",12
1757,3,"2373",12
1758,3,"2374",12
1759,3,"2375",12
1760,3,"2376",12
1761,3,"2377",12
1762,3,"2378",12
1763,3,"2379",12
1764,3,"103",13
1765,3,"104",13
1766,3,"105",13
1767,3,"106",13
1768,3,"107",13
1769,3,"108",13
1770,3,"232",13
1771,3,"233",13
1772,3,"234",13
1773,3,"235",13
1774,3,"236",13
1775,3,"237",13
1776,3,"238",13
1777,3,"239",13
1778,3,"240",13
1779,3,"1085",13
1780,3,"1086",13
1781,3,"1087",13
1782,3,"1088",13
1783,3,"1089",13
1784,3,"1090",13
1785,3,"1091",13
1786,3,"1092",13
1787,3,"1093",13
1788,3,"1094",13
1789,3,"1095",13
1790,4,"1096",13
1791,4,"1097",13
1792,4,"1098",13
1793,4,"1099",13
1794,4,"1100",13
1795,4,"1101",13
1796,4,"1102",13
1797,4,"1103",13
1798,4,"1104",13
1799,4,"1105",13
1800,4,"1106",13
1801,4,"1107",13
1802,4,"1108",13
1803,4,"1109",13
1804,4,"1110",13
1805,4,"1111",13
1806,4,"1112",13
1807,4,"1113",13
1808,4,"1114",13
1809,4,"1115",13
1810,4,"1116",13
1811,4,"1117",13
1812,4,"1118",13
1813,4,"1119",13
1814,4,"1120",13
1815,4,"1121",13
1816,4,"1122",13
1817,4,"1123",13
1818,4,"1124",13
1819,4,"1125",13
1820,4,"1126",13
1821,4,"1127",13
1822,4,"1128",13
1823,4,"1129",13
1824,4,"1130",13
1825,4,"1131",13
1826,4,"1132",13
1827,4,"1133",13
1828,4,"1134",13
1829,4,"1135",13
1830,4,"1136",13
1831,4,"1137",13
1832,4,"1138",13
1833,4,"1139",13
1834,4,"1140",13
1835,4,"1141",13
1836,4,"1142",13
1837,4,"1143",13
1838,4,"1144",13
1839,4,"1145",13
1840,4,"1146",13
1841,4,"1147",13
1842,4,"1148",13
1843,4,"2380",13
1844,4,"2381",13
1845,4,"2382",13
1846,4,"2383",13
1847,4,"2384",13
1848,4,"2385",13
1849,4,"2386",13
1850,4,"2387",13
1851,4,"2388",13
1852,4,"2389",13
1853,4,"2390",13
1854,4,"2391",13
1855,4,"2392",13
1856,4,"2393",13
1857,5,"2394",13
1858,5,"2395",13
1859,5,"2396",13
1860,5,"2397",13
1861,5,"2398",13
1862,5,"2399",13
1863,5,"2400",13
1864,5,"2401",13
1865,5,"2402",13
1866,5,"2403",13
1867,5,"2404",13
1868,5,"2405",13
1869,5,"2406",13
1870,5,"2407",13
1871,5,"2408",13
1872,5,"2409",13
1873,5,"2410",13
1874,5,"2411",13
1875,5,"2412",13
1876,5,"2413",13
1877,5,"2414",13
1878,5,"2415",13
1879,5,"2416",13
1880,5,"2417",13
1881,5,"2418",13
1882,5,"2419",13
1883,5,"2420",13
1884,5,"2421",13
1885,5,"2422",13
1886,5,"2423",13
1887,5,"2424",13
1888,5,"109",14
1889,5,"110",14
1890,5,"111",14
1891,5,"112",14
1892,5,"113",14
1893,5,"114",14
1894,5,"241",14
1895,5,"242",14
1896,5,"243",14
1897,5,"244",14
1898,5,"245",14
1899,5,"246",14
1900,5,"247",14
1901,5,"248",14
1902,5,"249",14
1903,5,"1149",14
1904,5,"1150",14
1905,5,"1151",14
1906,5,"1152",14
1907,5,"1153",14
1908,5,"1154",14
1909,5,"1155",14
1910,5,"1156",14
1911,5,"1157",14
1912,5,"1158",14
1913,5,"1159",14
1914,5,"1160",14
1915,5,"1161",14
1916,5,"1162",14
1917,5,"1163",14
1918,5,"1164",14
1919,5,"1165",14
1920,5,"1166",14
1921,5,"1167",14
1922,5,"1168",14
1923,5,"1169",14
1924,5,"1170",14
1925,5,"1171",14
1926,5,"1172",14
1927,6,"1173",14
1928,6,"1174",14
1929,6,"1175",14
1930,6,"1176",14
1931,6,"1177",14
1932,6,"1178",14
1933,6,"1179",14
1934,6,"1180",14
1935,6,"1181",14
1936,6,"1182",14
1937,6,"1183",14
1938,6,"1184",14
1939,6,"1185",14
1940,6,"1186",14
1941,6,"1187",14
1942,6,"1188",14
1943,6,"1189",14
1944,6,"1190",14
1945,6,"1191",14
1946,6,"1192",14
1947,6,"1193",14
1948,6,"1194",14
1949,6,"1195",14
1950,6,"1196",14
1951,6,"1197",14
1952,6,"1198",14
1953,6,"1199",14
1954,6,"2425",14
1955,6,"2426",14
1956,6,"2427",14
1957,6,"2428",14
1958,6,"2429",14
1959,6,"2430",14
1960,6,"2431",14
1961,6,"2432",14
1962,6,"2433",14
1963,6,"2434",14
1964,6,"2435",14
1965,6,"2436",14
1966,6,"2437",14
1967,6,"2438",14
1968,6,"2439",14
1969,6,"2440",14
1970,6,"2441",14
1971,6,"2442",14
1972,6,"2443",14
1973,6,"2444",14
1974,6,"2445",14
1975,6,"2446",14
1976,6,"2447",14
1977,6,"2448",14
1978,6,"2449",14
1979,6,"2450",14
1980,6,"2451",14
1981,6,"2452",14
1982,6,"2453",14
1983,6,"2454",14
1984,6,"2455",14
1985,6,"2456",14
1986,6,"2457",14
1987,6,"2458",14
1988,6,"2459",14
1989,6,"2460",14
1990,6,"2461",14
1991,6,"2462",14
1992,6,"2463",14
1993,7,"2464",14
1994,7,"2465",14
1995,7,"2466",14
1996,7,"2467",14
1997,7,"2468",14
1998,7,"2469",14
1999,7,"2470",14
2000,7,"2471",14
2001,7,"2472",14
2002,7,"2473",14
2003,7,"2474",14
2004,7,"2475",14
2005,7,"2476",14
2006,7,"2477",14
2007,7,"115",15
2008,7,"116",15
2009,7,"117",15
2010,7,"118",15
2011,7,"119",15
2012,7,"120",15
2013,7,"121",15
2014,7,"122",15
2015,7,"250",15
2016,7,"251",15
2017,7,"252",15
2018,7,"253",15
2019,7,"254",15
2020,7,"255",15
2021,7,"256",15
2022,7,"1200",15
2023,7,"1201",15
2024,7,"1202",15
2025,7,"1203",15
2026,7,"1204",15
2027,7,"1205",15
2028,7,"1206",15
2029,7,"1207",15
2030,7,"1208",15
2031,7,"1209",15
2032,7,"1210",15
2033,7,"1211",15
2034,7,"1212",15
2035,7,"1213",15
2036,7,"1214",15
2037,7,"1215",15
2038,7,"1216",15
2039,7,"1217",15
2040,7,"1218",15
2041,7,"1219",15
2042,7,"1220",15
2043,7,"1221",15
2044,7,"1222",15
2045,7,"1223",15
2046,7,"1224",15
2047,7,"1225",15
2048,7,"1226",15
2049,7,"1227",15
2050,7,"1228",15
2051,7,"1229",15
2052,7,"1230",15
2053,7,"1231",15
2054,7,"1232",15
2055,7,"1233",15
2056,7,"1234",15
2057,8,"1235",15
2058,8,"1236",15
2059,8,"1237",15
2060,8,"1238",15
2061,8,"1239",15
2062,8,"1240",15
2063,8,"1241",15
2064,8,"1242",15
2065,8,"1243",15
2066,8,"1244",15
2067,8,"1245",15
2068,8,"1246",15
2069,8,"1247",15
2070,8,"1248",15
2071,8,"1249",15
2072,8,"1250",15
2073,8,"1251",15
2074,8,"1252",15
2075,8,"1253",15
2076,8,"1254",15
2077,8,"1255",15
2078,8,"2478",15
2079,8,"2479",15
2080,8,"2480",15
2081,8,"2481",15
2082,8,"2482",15
2083,8,"2483",15
2084,8,"2484",15
2085,8,"2485",15
2086,8,"2486",15
2087,8,"2487",15
2088,8,"2488",15
2089,8,"2489",15
2090,8,"2490",15
2091,8,"2491",15
2092,8,"2492",15
2093,8,"2493",15
2094,8,"2494",15
2095,8,"2495",15
2096,8,"2496",15
2097,8,"2497",15
2098,8,"2498",15
2099,8,"2499",15
2100,8,"2500",15
2101,8,"2501",15
2102,8,"2502",15
2103,8,"2503",15
2104,8,"2504",15
2105,8,"2505",15
2106,8,"2506",15
2107,8,"2507",15
2108,8,"2508",15
2109,8,"2509",15
2110,8,"2510",15
2111,8,"2511",15
2112,8,"2512",15
2113,8,"2513",15
2114,8,"2514",15
2115,8,"2515",15
2116,8,"2516",15
2117,8,"2517",15
2118,8,"2518",15
2119,8,"2519",15
2120,8,"2520",15
2121,8,"2521",15
2122,8,"2522",15
2123,8,"2523",15
2124,8,"2524",15
2125,8,"2525",15
2126,8,"2526",15
2127,8,"2527",15
2128,8,"2528",15
2129,8,"2529",15
2130,8,"2530",15
2131,8,"2531",15
2132,8,"2532",15
2133,8,"2533",15
2134,8,"2534",15
2135,8,"2535",15
2136,8,"2536",15
2137,8,"2537",15
2138,8,"2538",15
2139,8,"2539",15
2140,8,"123",16
2141,8,"124",16
2142,8,"125",16
2143,8,"126",16
2144,8,"127",16
2145,9,"257",16
2146,9,"258",16
2147,9,"259",16
2148,9,"260",16
2149,9,"261",16
2150,9,"262",16
2151,9,"263",16
2152,9,"264",16
2153,9,"265",16
2154,9,"266",16
2155,9,"1256",16
2156,9,"1257",16
2157,9,"1258",16
2158,9,"1259",16
2159,9,"1260",16
2160,9,"1261",16
2161,9,"1262",16
2162,9,"1263",16
2163,9,"1264",16
2164,9,"1265",16
2165,9,"1266",16
2166,9,"1267",16
2167,9,"1268",16
2168,9,"1269",16
2169,9,"1270",16
2170,9,"1271",16
2171,9,"1272",16
2172,9,"1273",16
2173,9,"1274",16
2174,9,"1275",16
2175,9,"1276",16
2176,9,"1277",16
2177,9,"1278",16
2178,9,"1279",16
2179,9,"1280",16
2180,9,"1281",16
2181,9,"1282",16
2182,9,"1283",16
2183,9,"1284",16
2184,9,"1285",16
2185,9,"1286",16
2186,9,"1287",16
2187,9,"1288",16
2188,9,"1289",16
2189,9,"1290",16
2190,9,"1291",16
2191,9,"1292",16
2192,9,"1293",16
2193,10,"1294",16
2194,10,"1295",16
2195,10,"1296",16
2196,10,"1297",16
2197,10,"1298",16
2198,10,"1299",16
2199,10,"1300",16
2200,10,"1301",16
2201,10,"1302",16
2202,10,"1303",16
2203,10,"1304",16
2204,10,"1305",16
2205,10,"1306",16
2206,10,"1307",16
2207,10,"1308",16
2208,10,"1309",16
2209,10,"1310",16
2210,10,"1311",16
2211,10,"1312",16
2212,10,"1313",16
2213,10,"1314",16
2214,10,"1315",16
2215,10,"1316",16
2216,10,"1317",16
2217,10,"2540",16
2218,10,"2541",16
2219,10,"2542",16
2220,10,"2543",16
2221,10,"2544",16
2222,10,"2545",16
2223,10,"2546",16
2224,10,"2547",16
2225,10,"2548",16
2226,10,"2549",16
2227,10,"2550",16
2228,10,"2551",16
2229,10,"2552",16
2230,10,"2553",16
2231,10,"2554",16
2232,10,"2555",16
2233,10,"2556",16
2234,10,"2557",16
2235,10,"2558",16
2236,10,"2559",16
2237,10,"2560",16
2238,10,"2561",16
2239,10,"2562",16
2240,10,"2563",16
2241,10,"2564",16
2242,10,"2565",16
2243,10,"2566",16
2244,10,"2567",16
2245,10,"2568",16
2246,10,"2569",16
2247,10,"2570",16
2248,10,"2571",16
2249,10,"2572",16
2250,10,"2573",16
2251,10,"2574",16
2252,10,"2575",16
2253,10,"2576",16
2254,10,"2577",16
2255,10,"2578",16
2256,10,"2579",16
2257,10,"2580",16
2258,11,"2581",16
2259,11,"2582",16
2260,11,"2583",16
2261,11,"2584",16
2262,11,"2585",16
2263,11,"2586",16
2264,11,"2587",16
2265,11,"2588",16
2266,11,"2589",16
2267,11,"2590",16
2268,11,"2591",16
2269,11,"2592",16
2270,11,"2593",16
2271,11,"128",17
2272,11,"129",17
2273,11,"130",17
2274,11,"131",17
2275,11,"132",17
2276,11,"133",17
2277,11,"267",17
2278,11,"268",17
2279,11,"269",17
2280,11,"270",17
2281,11,"271",17
2282,11,"272",17
2283,11,"273",17
2284,11,"274",17
2285,11,"275",17
2286,11,"1318",17
2287,11,"1319",17
2288,11,"1320",17
2289,11,"1321",17
2290,11,"1322",17
2291,11,"1323",17
2292,11,"1324",17
2293,11,"1325",17
2294,11,"1326",17
2295,11,"1327",17
2296,11,"1328",17
2297,11,"1329",17
2298,11,"1330",17
2299,11,"1331",17
2300,11,"1332",17
2301,11,"1333",17
2302,11,"1334",17
2303,11,"1335",17
2304,11,"1336",17
2305,11,"1337",17
2306,11,"1338",17
2307,11,"1339",17
2308,11,"1340",17
2309,11,"1341",17
2310,11,"1342",17
2311,11,"1343",17
2312,11,"1344",17
2313,11,"1345",17
2314,11,"1346",17
2315,11,"1347",17
2316,11,"1348",17
2317,11,"1349",17
2318,11,"1350",17
2319,11,"1351",17
2320,11,"1352",17
2321,11,"1353",17
2322,11,"1354",17
2323,11,"1355",17
2324,11,"1356",17
2325,12,"1357",17
2326,12,"1358",17
2327,12,"1359",17
2328,12,"1360",17
2329,12,"1361",17
2330,12,"1362",17
2331,12,"1363",17
2332,12,"1364",17
2333,12,"1365",17
2334,12,"1366",17
2335,12,"1367",17
2336,12,"1368",17
2337,12,"1369",17
2338,12,"1370",17
2339,12,"1371",17
2340,12,"1372",17
2341,12,"1373",17
2342,12,"1374",17
2343,12,"1375",17
2344,12,"1376",17
2345,12,"1377",17
2346,12,"1378",17
2347,12,"1379",17
2348,12,"1380",17
2349,12,"1381",17
2350,12,"1382",17
2351,12,"1383",17
2352,12,"1384",17
2353,12,"1385",17
2354,12,"2594",17
2355,12,"2595",17
2356,12,"2596",17
2357,12,"2597",17
2358,12,"2598",17
2359,12,"2599",17
2360,12,"2600",17
2361,12,"2601",17
2362,12,"2602",17
2363,12,"2603",17
2364,12,"2604",17
2365,12,"2605",17
2366,12,"2606",17
2367,12,"2607",17
2368,12,"2608",17
2369,12,"2609",17
2370,12,"2610",17
2371,12,"2611",17
2372,12,"2612",17
2373,12,"2613",17
2374,12,"2614",17
2375,12,"2615",17
2376,12,"2616",17
2377,12,"2617",17
2378,12,"2618",17
2379,12,"2619",17
2380,13,"2620",17
2381,13,"2621",17
2382,13,"2622",17
2383,13,"2623",17
2384,13,"2624",17
2385,13,"2625",17
2386,13,"2626",17
2387,13,"2627",17
2388,13,"2628",17
2389,13,"2629",17
2390,13,"2630",17
2391,13,"2631",17
2392,13,"2632",17
2393,13,"2633",17
2394,13,"2634",17
2395,13,"2635",17
2396,13,"2636",17
2397,13,"2637",17
2398,13,"2638",17
2399,13,"2639",17
2400,13,"2640",17
2401,13,"2641",17
2402,13,"2642",17
2403,13,"2643",17
2404,13,"2644",17
2405,13,"2645",17
2406,13,"2646",17
2407,13,"2647",17
2408,13,"2648",17
2409,13,"2649",17
2410,13,"2650",17
2411,13,"2651",17
2412,13,"2652",17
2413,13,"2653",17
2414,13,"2654",17
2415,13,"2655",17
2416,13,"2656",17
2417,13,"2657",17
2418,13,"2658",17
2419,13,"2659",17
2420,13,"2660",17
2421,13,"2661",17
2422,13,"2662",17
2423,13,"2663",17
2424,13,"2664",17
2425,14,"2665",17
2426,14,"134",18
2427,14,"135",18
2428,14,"136",18
2429,14,"137",18
2430,14,"138",18
2431,14,"139",18
2432,14,"140",18
2433,14,"141",18
2434,14,"142",18
2435,14,"276",18
2436,14,"277",18
2437,14,"278",18
2438,14,"279",18
2439,14,"280",18
2440,14,"281",18
2441,14,"1386",18
2442,14,"1387",18
2443,14,"1388",18
2444,14,"1389",18
2445,14,"1390",18
2446,14,"1391",18
2447,14,"1392",18
2448,14,"1393",18
2449,14,"1394",18
2450,14,"1395",18
2451,14,"1396",18
2452,14,"1397",18
2453,14,"1398",18
2454,14,"1399",18
2455,14,"1400",18
2456,14,"1401",18
2457,14,"1402",18
2458,14,"1403",18
2459,14,"1404",18
2460,14,"1405",18
2461,14,"1406",18
2462,14,"1407",18
2463,14,"1408",18
2464,14,"1409",18
2465,14,"1410",18
2466,14,"1411",18
2467,14,"1412",18
2468,14,"1413",18
2469,14,"1414",18
2470,14,"1415",18
2471,14,"1416",18
2472,14,"1417",18
2473,14,"1418",18
2474,14,"1419",18
2475,14,"1420",18
2476,14,"1421",18
2477,14,"1422",18
2478,15,"1423",18
2479,15,"1424",18
2480,15,"1425",18
2481,15,"1426",18
2482,15,"1427",18
2483,15,"1428",18
2484,15,"1429",18
2485,15,"1430",18
2486,15,"1431",18
2487,15,"1432",18
2488,15,"1433",18
2489,15,"1434",18
2490,15,"1435",18
2491,15,"1436",18
2492,15,"2666",18
2493,15,"2667",18
2494,15,"2668",18
2495,15,"2669",18
2496,15,"2670",18
2497,15,"2671",18
2498,15,"2672",18
2499,15,"2673",18
2500,15,"2674",18
2501,15,"2675",18
2502,15,"2676",18
2503,15,"2677",18
2504,15,"2678",18
2505,15,"2679",18
2506,15,"2680",18
2507,15,"2681",18
2508,15,"2682",18
2509,15,"2683",18
2510,15,"2684",18
2511,15,"2685",18
2512,15,"2686",18
2513,15,"2687",18
2514,15,"2688",18
2515,15,"2689",18
2516,15,"2690",18
2517,15,"2691",18
2518,15,"2692",18
2519,15,"2693",18
2520,15,"2694",18
2521,15,"2695",18
2522,15,"2696",18
2523,15,"2697",18
2524,15,"2698",18
2525,15,"2699",18
2526,15,"2700",18
2527,15,"2701",18
2528,15,"2702",18
2529,15,"2703",18
2530,15,"2704",18
2531,15,"2705",18
2532,15,"2706",18
2533,15,"2707",18
2534,15,"2708",18
2535,15,"2709",18
2536,15,"2710",18
2537,15,"2711",18
2538,15,"2712",18
2539,15,"2713",18
2540,16,"2714",18
2541,16,"2715",18
2542,16,"2716",18
2543,16,"2717",18
2544,16,"2718",18
2545,16,"2719",18
2546,16,"2720",18
2547,16,"2721",18
2548,16,"2722",18
2549,16,"2723",18
2550,16,"2724",18
2551,16,"143",19
2552,16,"144",19
2553,16,"145",19
2554,16,"146",19
2555,16,"147",19
2556,16,"148",19
2557,16,"149",19
2558,16,"282",19
2559,16,"283",19
2560,16,"284",19
2561,16,"285",19
2562,16,"286",19
2563,16,"287",19
2564,16,"288",19
2565,16,"289",19
2566,16,"1437",19
2567,16,"1438",19
2568,16,"1439",19
2569,16,"1440",19
2570,16,"1441",19
2571,16,"1442",19
2572,16,"1443",19
2573,16,"1444",19
2574,16,"1445",19
2575,16,"1446",19
2576,16,"1447",19
2577,16,"1448",19
2578,16,"1449",19
2579,16,"1450",19
2580,16,"1451",19
2581,16,"1452",19
2582,16,"1453",19
2583,16,"1454",19
2584,16,"1455",19
2585,16,"1456",19
2586,16,"1457",19
2587,16,"1458",19
2588,16,"1459",19
2589,16,"1460",19
2590,16,"1461",19
2591,16,"1462",19
2592,16,"1463",19
2593,16,"1464",19
2594,17,"1465",19
2595,17,"1466",19
2596,17,"1467",19
2597,17,"1468",19
2598,17,"1469",19
2599,17,"1470",19
2600,17,"1471",19
2601,17,"1472",19
2602,17,"1473",19
2603,17,"1474",19
2604,17,"1475",19
2605,17,"1476",19
2606,17,"1477",19
2607,17,"1478",19
2608,17,"1479",19
2609,17,"1480",19
2610,17,"1481",19
2611,17,"1482",19
2612,17,"1483",19
2613,17,"1484",19
2614,17,"1485",19
2615,17,"1486",19
2616,17,"1487",19
2617,17,"1488",19
2618,17,"1489",19
2619,17,"1490",19
2620,17,"1491",19
2621,17,"1492",19
2622,17,"1493",19
2623,17,"1494",19
2624,17,"1495",19
2625,17,"1496",19
2626,17,"2725",19
2627,17,"2726",19
2628,17,"2727",19
2629,17,"2728",19
2630,17,"2729",19
2631,17,"2730",19
2632,17,"2731",19
2633,17,"2732",19
2634,17,"2733",19
2635,17,"2734",19
2636,17,"2735",19
2637,17,"2736",19
2638,17,"2737",19
2639,17,"2738",19
2640,17,"2739",19
2641,17,"2740",19
2642,17,"2741",19
2643,17,"2742",19
2644,17,"2743",19
2645,17,"2744",19
2646,17,"2745",19
2647,17,"2746",19
2648,17,"2747",19
2649,17,"2748",19
2650,17,"2749",19
2651,17,"2750",19
2652,17,"2751",19
2653,17,"2752",19
2654,17,"2753",19
2655,17,"2754",19
2656,17,"2755",19
2657,17,"2756",19
2658,17,"2757",19
2659,17,"2758",19
2660,17,"2759",19
2661,17,"2760",19
2662,17,"2761",19
2663,17,"2762",19
2664,17,"2763",19
2665,17,"2764",19
2666,18,"2765",19
2667,18,"2766",19
2668,18,"2767",19
2669,18,"2768",19
2670,18,"2769",19
2671,18,"2770",19
2672,18,"2771",19
2673,18,"2772",19
2674,18,"2773",19
2675,18,"2774",19
2676,18,"2775",19
2677,18,"2776",19
2678,18,"2777",19
2679,18,"2778",19
2680,18,"2779",19
2681,18,"2780",19
2682,18,"2781",19
2683,18,"2782",19
2684,18,"2783",19
2685,18,"2784",19
2686,18,"2785",19
2687,18,"2786",19
2688,18,"150",20
2689,18,"151",20
2690,18,"152",20
2691,18,"153",20
2692,18,"290",20
2693,18,"291",20
2694,18,"292",20
2695,18,"293",20
2696,18,"294",20
2697,18,"295",20
2698,18,"296",20
2699,18,"297",20
2700,18,"298",20
2701,18,"299",20
2702,18,"300",20
2703,18,"1497",20
2704,18,"1498",20
2705,18,"1499",20
2706,18,"1500",20
2707,18,"1501",20
2708,18,"1502",20
2709,18,"1503",20
2710,18,"1504",20
2711,18,"1505",20
2712,18,"1506",20
2713,18,"1507",20
2714,18,"1508",20
2715,18,"1509",20
2716,18,"1510",20
2717,18,"1511",20
2718,18,"1512",20
2719,18,"1513",20
2720,18,"1514",20
2721,18,"1515",20
2722,18,"1516",20
2723,18,"1517",20
2724,18,"1518",20
2725,19,"1519",20
2726,19,"1520",20
2727,19,"1521",20
2728,19,"1522",20
2729,19,"1523",20
2730,19,"1524",20
2731,19,"1525",20
2732,19,"1526",20
2733,19,"1527",20
2734,19,"1528",20
2735,19,"1529",20
2736,19,"1530",20
2737,19,"1531",20
2738,19,"1532",20
2739,19,"1533",20
2740,19,"1534",20
2741,19,"1535",20
2742,19,"1536",20
2743,19,"1537",20
2744,19,"1538",20
2745,19,"1539",20
2746,19,"1540",20
2747,19,"1541",20
2748,19,"1542",20
2749,19,"1543",20
2750,19,"1544",20
2751,19,"1545",20
2752,19,"1546",20
2753,19,"1547",20
2754,19,"1548",20
2755,19,"1549",20
2756,19,"1550",20
2757,19,"1551",20
2758,19,"1552",20
2759,19,"1553",20
2760,19,"1554",20
2761,19,"1555",20
2762,19,"1556",20
2763,19,"1557",20
2764,19,"1558",20
2765,19,"1559",20
2766,19,"1560",20
2767,19,"1561",20
2768,19,"1562",20
2769,19,"1563",20
2770,19,"1564",20
2771,19,"1565",20
2772,19,"1566",20
2773,19,"1567",20
2774,19,"1568",20
2775,19,"1569",20
2776,19,"1570",20
2777,19,"1571",20
2778,19,"1572",20
2779,19,"1573",20
2780,19,"1574",20
2781,19,"1575",20
2782,19,"1576",20
2783,19,"1577",20
2784,19,"1578",20
2785,19,"1579",20
2786,19,"1580",20
2787,20,"2787",20
2788,20,"2788",20
2789,20,"2789",20
2790,20,"2790",20
2791,20,"2791",20
2792,20,"2792",20
2793,20,"2793",20
2794,20,"2794",20
2795,20,"2795",20
2796,20,"2796",20
2797,20,"2797",20
2798,20,"2798",20
2799,20,"2799",20
2800,20,"2800",20
2801,20,"2801",20
2802,20,"2802",20
2803,20,"2803",20
2804,20,"2804",20
2805,20,"2805",20
2806,20,"2806",20
2807,20,"2807",20
2808,20,"2808",20
2809,20,"2809",20
2810,20,"2810",20
2811,20,"2811",20
2812,20,"2812",20
2813,20,"2813",20
2814,20,"2814",20
2815,20,"2815",20
2816,20,"2816",20
2817,20,"2817",20
2818,20,"2818",20
2819,20,"2819",20
2820,20,"2820",20
2821,20,"2821",20
2822,20,"2822",20
2823,20,"2823",20
2824,20,"2824",20
2825,20,"2825",20
2826,20,"2826",20
2827,20,"2827",20
2828,20,"2828",20
2829,20,"2829",20
2830,20,"2830",20
2831,20,"2831",20
2832,20,"2832",20
2833,20,"2833",20
2834,20,"2834",20
2835,20,"2835",20
2836,20,"2836",20
2837,20,"2837",20
2838,20,"2838",20
2839,20,"2839",20
2840,20,"2840",20
2841,20,"2841",20
2842,20,"2842",20
2843,20,"2843",20
2844,20,"2844",20
2845,20,"2845",20
2846,20,"2846",20
2847,20,"2847",20
2848,20,"2848",20
2849,20,"2849",20
2850,20,"2850",20
2851,20,"2851",20
2852,20,"2852",20
2853,20,"2853",20
2854,20,"2854",20
2855,20,"2855",20
2856,20,"2856",20
2857,20,"2857",20
2858,20,"2858",20
