subject_id,class,"pamIndexVec",class
1,6,1,1
2,5,2,1
3,4,3,1
4,8,2,1
5,6,2,1
6,3,3,1
7,2,4,1
8,8,2,1
9,8,1,1
10,3,5,1
11,7,1,1
12,8,2,1
13,8,3,1
14,1,2,1
15,5,3,1
16,7,6,1
17,8,2,1
18,1,4,1
19,2,7,1
20,2,4,1
21,5,2,1
22,2,6,1
23,1,1,1
24,5,4,1
25,6,1,1
26,4,3,1
27,8,2,1
28,5,4,1
29,5,1,1
30,7,7,1
31,5,2,1
32,1,2,1
33,1,2,1
34,5,5,1
35,6,2,1
36,3,1,1
37,6,5,1
38,8,6,1
39,1,7,1
40,2,2,1
41,7,3,1
42,6,3,1
43,4,1,1
44,7,6,1
45,3,1,1
46,6,7,1
47,8,1,1
48,6,7,1
49,5,1,1
50,8,2,1
51,4,2,1
52,5,3,1
53,4,3,1
54,6,5,1
55,5,6,1
56,5,8,1
57,6,8,1
58,7,6,1
59,1,4,1
60,1,4,1
61,2,4,1
62,6,6,1
63,4,3,1
64,6,5,1
65,6,2,1
66,5,2,1
67,1,1,1
68,7,1,1
69,7,4,1
70,8,2,1
71,7,7,1
72,7,5,1
73,3,2,1
74,5,5,1
75,5,1,1
76,3,7,1
77,4,1,1
78,2,7,1
79,4,6,1
80,1,2,1
81,2,7,1
82,8,4,1
83,3,2,1
84,5,5,1
85,3,3,1
86,8,2,1
87,7,5,1
88,6,5,1
89,3,7,1
90,2,2,1
91,4,1,1
92,5,1,1
93,7,1,1
94,1,4,1
95,7,2,1
96,2,2,1
97,1,4,1
98,4,2,1
99,4,2,1
100,1,3,1
101,3,7,1
102,3,1,1
103,1,4,1
104,4,1,1
105,6,8,1
106,1,4,1
107,3,4,1
108,5,4,1
109,6,2,1
110,4,3,1
111,5,6,1
112,5,1,1
113,8,3,1
114,3,2,1
115,7,1,1
116,2,1,1
117,7,1,1
118,6,2,1
119,8,1,1
120,5,8,1
121,1,4,1
122,8,1,1
123,3,2,1
124,8,6,1
125,2,1,1
126,4,2,1
127,8,4,1
128,2,7,1
129,7,5,1
130,2,2,1
131,2,1,1
132,8,2,1
133,5,6,1
134,3,3,1
135,7,1,1
136,1,7,1
137,2,4,1
138,4,1,1
139,3,3,1
140,1,7,1
141,6,2,1
142,5,6,1
143,7,7,1
144,2,1,1
145,4,3,1
146,1,2,1
147,7,8,1
148,1,4,1
149,8,2,1
150,4,3,1
151,4,3,1
152,2,4,1
153,1,7,1
154,4,3,1
155,8,2,1
156,3,3,1
157,3,3,1
158,4,5,1
159,2,4,1
160,1,1,1
161,6,3,1
162,4,7,1
163,6,7,1
164,4,1,1
165,6,7,1
166,8,3,1
167,4,4,1
168,5,1,1
169,3,3,1
170,2,6,1
171,3,2,1
172,6,5,1
173,7,1,1
174,7,4,1
175,3,2,1
176,7,1,1
177,2,2,1
178,7,2,1
179,2,7,1
180,1,2,1
181,8,2,1
182,6,2,1
183,3,2,1
184,4,4,1
185,7,4,1
186,2,4,1
187,5,7,1
188,2,4,1
189,7,4,1
190,3,1,1
191,1,6,1
192,4,3,1
193,2,2,1
194,8,4,1
195,8,6,1
196,6,5,1
197,3,3,1
198,6,2,1
199,3,7,1
200,1,3,1
201,5,7,1
202,3,2,1
203,7,4,1
204,4,3,1
205,4,3,1
206,1,2,1
207,7,1,1
208,5,1,1
209,2,4,1
210,6,4,1
211,1,5,1
212,6,2,1
213,1,7,1
214,6,4,1
215,1,4,1
216,7,3,1
217,7,3,1
218,6,4,1
219,2,7,1
220,6,1,1
221,2,7,1
222,4,3,1
223,5,1,1
224,6,3,1
225,8,2,1
226,1,3,1
227,7,2,1
228,5,7,1
229,6,2,1
230,6,1,1
231,1,1,1
232,1,6,1
233,5,2,1
234,4,1,1
235,4,3,1
236,7,6,1
237,4,7,1
238,1,7,1
239,8,4,1
240,2,4,1
241,1,7,1
242,3,3,1
243,8,1,1
244,1,7,1
245,4,3,1
246,1,2,1
247,1,1,1
248,7,7,1
249,5,7,1
250,5,1,1
251,2,2,1
252,7,1,1
253,2,7,1
254,1,4,1
255,7,1,1
256,1,7,1
257,6,7,1
258,5,3,1
259,3,3,1
260,7,4,1
261,1,7,1
262,6,3,1
263,2,2,1
264,7,4,1
265,1,4,1
266,6,4,1
267,3,1,1
268,4,6,1
269,3,7,1
270,8,2,1
271,3,7,1
272,2,2,1
273,8,2,1
274,8,2,1
275,8,4,1
276,8,6,1
277,2,6,1
278,2,7,1
279,5,2,1
280,2,3,1
281,3,1,1
282,4,1,1
283,4,1,1
284,7,1,1
285,7,1,1
286,4,2,1
287,5,1,1
288,4,1,1
289,6,7,1
290,5,6,1
291,4,1,1
292,4,1,1
293,6,7,1
294,2,6,1
295,6,4,1
296,3,1,1
297,3,3,1
298,5,8,1
299,5,2,1
300,3,6,1
301,6,2,1
302,5,2,1
303,4,1,1
304,6,2,1
305,8,2,1
306,5,7,1
307,8,8,1
308,5,2,1
309,5,1,1
310,8,2,1
311,2,1,1
312,7,3,1
313,1,7,1
314,2,3,1
315,4,1,1
316,2,4,1
317,3,2,1
318,8,2,1
319,7,1,1
320,4,4,1
321,3,3,1
322,1,7,1
323,3,1,1
324,3,4,1
325,8,2,1
326,6,8,1
327,2,2,1
328,5,2,1
329,2,6,1
330,2,3,1
331,2,4,1
332,4,1,1
333,5,6,1
334,7,3,1
335,1,1,1
336,1,7,1
337,6,8,1
338,1,7,1
339,6,2,1
340,1,1,1
341,3,4,1
342,2,3,1
343,7,5,1
344,2,2,1
345,5,4,1
346,5,5,1
347,7,6,1
348,7,1,1
349,8,4,1
350,4,3,1
351,2,6,1
352,1,7,1
353,1,2,1
354,4,4,1
355,3,3,1
356,2,7,1
357,8,2,1
358,4,3,1
359,6,2,1
360,3,4,1
361,4,1,1
362,1,1,1
363,8,1,1
364,6,7,1
365,2,1,1
366,4,3,1
367,1,1,1
368,8,2,1
369,8,3,1
370,4,1,1
371,4,1,1
372,2,4,1
373,2,4,1
374,1,4,1
375,4,3,1
376,8,1,1
377,5,5,1
378,6,5,1
379,5,6,1
380,3,2,1
381,3,1,1
382,4,7,1
383,3,2,1
384,6,1,1
385,3,3,1
386,6,3,1
387,1,1,1
388,3,2,1
389,7,1,1
390,2,4,1
391,5,2,1
392,3,2,1
393,8,2,1
394,2,2,1
395,8,2,1
396,6,2,1
397,7,4,1
398,4,7,1
399,1,7,1
400,3,3,1
401,7,2,1
402,4,3,1
403,7,4,1
404,1,6,1
405,4,1,1
406,8,1,1
407,5,7,1
408,3,1,1
409,5,8,1
410,7,8,1
411,7,3,1
412,5,4,1
413,5,5,1
414,4,1,1
415,1,4,1
416,8,4,1
417,3,3,1
418,4,5,1
419,7,3,1
420,6,7,1
421,1,7,1
422,6,8,1
423,4,1,1
424,8,3,1
425,7,4,1
426,7,5,1
427,6,8,1
428,3,4,1
429,7,5,1
430,2,2,1
431,1,7,1
432,6,3,1
433,3,4,1
434,1,4,1
435,7,1,1
436,4,1,1
437,2,6,1
438,2,1,1
439,2,7,1
440,1,7,1
441,6,3,1
442,4,3,1
443,2,7,1
444,3,1,1
445,6,6,1
446,4,3,1
447,5,6,1
448,4,3,1
449,7,2,1
450,7,7,1
451,3,1,1
452,5,6,1
453,5,8,1
454,4,1,1
455,6,5,1
456,7,3,1
457,5,5,1
458,2,4,1
459,4,4,1
460,4,3,1
461,6,5,1
462,4,7,1
463,8,1,1
464,5,7,1
465,4,1,1
466,3,6,1
467,6,5,1
468,4,7,1
469,6,5,1
470,2,2,1
471,1,3,1
472,3,1,1
473,3,2,1
474,1,2,1
475,6,7,1
476,6,6,1
477,6,3,1
478,6,5,1
479,1,4,1
480,2,7,1
481,8,2,1
482,7,1,1
483,3,3,1
484,3,6,1
485,7,1,1
486,1,7,1
487,4,8,1
488,6,5,1
489,2,5,1
490,8,8,1
491,1,6,1
492,1,2,1
493,7,4,1
494,2,6,1
495,6,1,1
496,3,2,1
497,4,1,1
498,2,4,1
499,1,4,1
500,1,5,1
501,4,3,1
502,5,2,1
503,8,6,1
504,5,2,1
505,1,3,1
506,5,5,1
507,8,4,1
508,3,2,1
509,4,6,1
510,7,4,1
511,1,1,1
512,7,2,1
513,1,7,1
514,2,7,1
515,4,1,1
516,1,2,1
517,3,3,1
518,8,7,1
519,7,1,1
520,7,4,1
521,5,2,1
522,3,3,1
523,6,4,1
524,1,2,1
525,1,7,1
526,7,6,1
527,2,6,1
528,4,1,1
529,4,3,1
530,2,2,1
531,8,3,1
532,3,1,1
533,1,3,1
534,1,7,1
535,3,2,1
536,1,2,1
537,8,1,1
538,5,1,1
539,3,3,1
540,7,6,1
541,8,4,1
542,5,1,1
543,4,2,1
544,7,5,1
545,2,1,1
546,5,2,1
547,8,3,1
548,1,4,1
549,8,6,1
550,2,7,1
551,7,6,1
552,3,1,1
553,8,2,1
554,6,7,1
555,4,5,1
556,6,7,1
557,4,3,1
558,5,4,1
559,6,7,1
560,3,3,2
561,1,1,2
562,6,5,2
563,2,4,2
564,6,5,2
565,5,6,2
566,5,1,2
567,7,2,2
568,6,7,2
569,3,3,2
570,6,1,2
571,5,7,2
572,5,2,2
573,2,1,2
574,5,8,2
575,5,5,2
576,5,1,2
577,2,7,2
578,7,1,2
579,3,7,2
580,6,2,2
581,5,6,2
582,7,8,2
583,6,7,2
584,3,3,2
585,2,2,2
586,7,5,2
587,5,2,2
588,3,2,2
589,2,7,2
590,6,5,2
591,7,1,2
592,5,1,2
593,7,1,2
594,8,1,2
595,5,1,2
596,8,2,2
597,8,1,2
598,3,8,2
599,8,2,2
600,1,1,2
601,8,8,2
602,8,2,2
603,3,3,2
604,4,1,2
605,6,5,2
606,8,7,2
607,6,2,2
608,4,1,2
609,8,4,2
610,8,6,2
611,1,6,2
612,3,1,2
613,6,3,2
614,5,5,2
615,7,3,2
616,5,7,2
617,3,4,2
618,7,4,2
619,3,3,2
620,5,6,2
621,1,2,2
622,8,1,2
623,5,5,2
624,3,1,2
625,5,6,2
626,2,2,2
627,1,4,2
628,2,6,2
629,5,7,2
630,4,1,2
631,7,4,2
632,8,1,2
633,6,1,2
634,4,6,2
635,8,2,2
636,4,4,2
637,1,1,2
638,6,2,2
639,4,3,2
640,2,2,2
641,7,1,2
642,3,3,2
643,6,2,2
644,7,4,2
645,4,3,2
646,1,2,2
647,6,1,2
648,5,1,2
649,4,3,2
650,6,4,2
651,8,3,2
652,2,6,2
653,2,4,2
654,7,1,2
655,4,1,2
656,2,6,2
657,3,3,2
658,3,3,2
659,7,4,2
660,3,3,2
661,6,3,2
662,5,1,2
663,5,2,2
664,2,7,2
665,4,1,2
666,8,2,2
667,6,7,2
668,1,1,2
669,2,7,2
670,3,3,2
671,7,1,2
672,8,1,2
673,1,2,2
674,7,1,2
675,3,8,2
676,7,3,2
677,7,4,2
678,3,3,2
679,7,2,2
680,6,2,2
681,7,1,2
682,1,1,2
683,7,4,2
684,3,7,2
685,5,4,2
686,7,4,2
687,4,3,2
688,7,1,2
689,5,1,2
690,5,5,2
691,7,1,2
692,8,2,2
693,5,5,2
694,3,2,2
695,6,5,2
696,5,6,2
697,6,1,2
698,7,3,2
699,2,7,2
700,1,4,2
701,7,1,2
702,5,1,2
703,5,5,2
704,4,3,2
705,5,2,2
706,3,1,2
707,4,1,2
708,8,2,2
709,2,6,2
710,4,4,2
711,5,7,2
712,6,2,2
713,4,3,2
714,3,7,2
715,1,6,2
716,7,1,2
717,5,5,2
718,7,6,2
719,3,3,2
720,1,1,2
721,8,6,2
722,5,8,2
723,8,3,2
724,7,1,2
725,3,1,2
726,4,1,2
727,6,1,2
728,2,1,2
729,4,3,2
730,6,3,2
731,2,5,2
732,1,7,2
733,5,8,2
734,7,4,2
735,1,4,2
736,1,4,2
737,5,2,2
738,2,2,2
739,5,4,2
740,5,3,2
741,8,2,2
742,1,7,2
743,4,7,2
744,3,6,2
745,5,2,2
746,5,2,2
747,8,2,2
748,1,6,2
749,8,2,2
750,6,4,2
751,6,5,2
752,6,4,2
753,2,7,2
754,2,7,2
755,6,1,2
756,1,3,2
757,4,3,2
758,5,8,2
759,1,2,2
760,8,2,2
761,6,2,2
762,8,6,2
763,1,2,2
764,1,4,2
765,6,1,2
766,1,4,2
767,4,3,2
768,3,3,2
769,6,5,2
770,5,2,2
771,8,6,2
772,7,3,2
773,4,1,2
774,3,1,2
775,7,1,2
776,5,8,2
777,5,5,2
778,2,2,2
779,5,5,2
780,8,2,2
781,1,2,2
782,4,5,2
783,8,1,2
784,1,1,2
785,1,2,2
786,3,1,2
787,1,4,2
788,8,2,2
789,2,7,2
790,2,4,2
791,5,3,2
792,1,4,2
793,8,4,2
794,4,1,2
795,5,7,2
796,6,2,2
797,2,6,2
798,2,7,2
799,1,2,2
800,5,6,2
801,4,3,2
802,4,3,2
803,5,2,2
804,5,7,2
805,2,4,2
806,3,7,2
807,3,7,2
808,2,7,2
809,8,1,2
810,2,7,2
811,7,8,2
812,5,5,2
813,8,4,2
814,8,1,2
815,1,3,2
816,7,2,2
817,1,4,2
818,2,2,2
819,5,2,2
820,1,1,2
821,7,1,2
822,7,3,2
823,5,7,2
824,1,5,2
825,3,2,2
826,5,8,2
827,1,2,2
828,2,4,2
829,7,3,2
830,3,3,2
831,1,1,2
832,3,7,2
833,8,1,2
834,5,6,2
835,4,1,2
836,8,2,2
837,2,7,2
838,4,1,2
839,6,7,2
840,1,7,2
841,2,7,2
842,3,3,2
843,5,4,2
844,8,6,2
845,4,1,2
846,6,8,2
847,3,1,2
848,6,3,2
849,1,2,2
850,5,6,2
851,2,6,2
852,2,7,2
853,6,3,2
854,7,4,2
855,8,6,2
856,1,7,2
857,7,2,2
858,6,4,2
859,4,6,2
860,6,8,2
861,8,1,2
862,6,2,2
863,1,1,2
864,1,5,2
865,5,1,2
866,4,4,2
867,5,2,2
868,6,6,2
869,7,2,2
870,1,3,2
871,8,6,2
872,5,2,2
873,7,6,2
874,7,1,2
875,5,8,2
876,3,3,2
877,4,3,2
878,2,4,2
879,2,2,2
880,7,7,2
881,1,7,2
882,2,2,2
883,6,4,2
884,8,2,2
885,1,1,2
886,5,4,2
887,1,6,2
888,2,7,2
889,3,2,2
890,4,1,2
891,6,7,2
892,5,5,2
893,3,1,2
894,2,7,2
895,7,6,2
896,5,2,2
897,5,2,2
898,1,3,2
899,4,3,2
900,4,3,2
901,5,1,2
902,4,6,2
903,6,4,2
904,2,6,2
905,2,7,2
906,1,3,2
907,2,2,2
908,4,1,2
909,3,3,2
910,4,1,2
911,4,1,2
912,1,4,2
913,5,1,2
914,6,7,2
915,4,4,2
916,3,8,2
917,2,7,2
918,6,7,2
919,2,2,2
920,6,7,2
921,3,2,2
922,2,1,2
923,1,5,2
924,8,4,2
925,3,4,2
926,7,4,2
927,5,8,2
928,7,1,2
929,5,1,2
930,8,2,2
931,7,1,2
932,2,7,2
933,6,2,2
934,7,3,2
935,6,1,2
936,1,2,2
937,7,1,2
938,2,7,2
939,6,3,2
940,8,7,2
941,8,1,2
942,4,8,2
943,1,4,2
944,2,4,2
945,2,2,2
946,4,7,2
947,3,1,2
948,6,4,2
949,5,5,2
950,8,2,2
951,4,3,2
952,6,3,2
953,3,4,2
954,7,5,2
955,5,6,2
956,3,2,2
957,6,4,2
958,5,8,2
959,7,6,2
960,3,1,2
961,8,2,2
962,8,1,2
963,7,5,2
964,3,4,2
965,2,7,2
966,1,1,2
967,5,4,2
968,7,1,2
969,7,4,2
970,6,3,2
971,8,4,2
972,1,2,2
973,2,7,2
974,2,7,2
975,5,1,2
976,4,3,2
977,1,1,2
978,5,1,2
979,7,5,2
980,2,7,2
981,1,1,2
982,7,1,2
983,6,2,2
984,5,6,2
985,1,4,2
986,4,2,2
987,6,7,2
988,6,2,2
989,4,3,2
990,1,6,2
991,4,3,2
992,2,7,2
993,5,7,2
994,7,3,2
995,3,3,2
996,1,3,2
997,4,3,2
998,2,7,2
999,1,5,2
1000,4,1,2
1001,7,1,2
1002,8,2,2
1003,3,3,2
1004,1,4,2
1005,2,7,2
1006,8,7,2
1007,2,4,2
1008,8,2,2
1009,4,3,2
1010,8,2,2
1011,1,2,2
1012,3,5,2
1013,3,2,2
1014,4,7,2
1015,3,1,2
1016,8,3,2
1017,7,5,2
1018,5,2,2
1019,3,2,2
1020,7,7,2
1021,4,1,2
1022,8,3,2
1023,2,2,2
1024,3,1,2
1025,6,5,2
1026,1,1,2
1027,4,5,2
1028,3,1,2
1029,6,5,2
1030,3,6,2
1031,1,3,2
1032,4,3,2
1033,7,4,2
1034,6,3,2
1035,4,3,2
1036,8,2,2
1037,4,1,2
1038,3,3,2
1039,8,4,2
1040,5,1,2
1041,5,5,2
1042,7,6,2
1043,7,4,2
1044,4,7,2
1045,8,1,2
1046,7,7,2
1047,8,6,2
1048,1,1,2
1049,7,1,2
1050,4,1,2
1051,5,2,2
1052,6,7,2
1053,3,3,2
1054,2,4,2
1055,3,3,2
1056,2,7,2
1057,6,2,2
1058,8,2,2
1059,6,8,2
1060,1,1,2
1061,1,6,2
1062,2,7,2
1063,6,5,2
1064,6,1,2
1065,8,2,2
1066,1,7,2
1067,2,7,2
1068,5,2,2
1069,2,2,2
1070,6,1,2
1071,3,3,2
1072,8,4,2
1073,7,5,2
1074,6,1,2
1075,8,2,2
1076,3,2,2
1077,8,1,2
1078,6,8,2
1079,1,4,2
1080,1,2,2
1081,5,8,2
1082,6,1,2
1083,7,4,2
1084,7,1,2
1085,7,7,2
1086,4,3,2
1087,5,8,2
1088,5,8,2
1089,8,1,2
1090,6,4,2
1091,4,3,2
1092,3,1,2
1093,3,1,2
1094,2,2,2
1095,8,1,2
1096,8,3,2
1097,4,1,2
1098,7,6,2
1099,4,1,2
1100,1,7,2
1101,5,2,2
1102,8,6,2
1103,2,7,2
1104,5,3,2
1105,2,7,2
1106,5,2,2
1107,5,2,2
1108,7,4,2
1109,6,3,2
1110,2,7,2
1111,8,2,2
1112,8,2,2
1113,1,2,2
1114,3,4,2
1115,7,4,2
1116,1,8,2
1117,5,8,2
1118,2,4,2
1119,2,7,2
1120,8,1,3
1121,2,7,3
1122,8,1,3
1123,1,2,3
1124,2,2,3
1125,4,1,3
1126,2,7,3
1127,1,1,3
1128,1,5,3
1129,8,7,3
1130,7,2,3
1131,7,3,3
1132,3,1,3
1133,6,3,3
1134,1,1,3
1135,1,1,3
1136,4,3,3
1137,4,3,3
1138,5,6,3
1139,8,3,3
1140,1,3,3
1141,5,1,3
1142,1,2,3
1143,7,1,3
1144,7,2,3
1145,8,2,3
1146,8,2,3
1147,6,5,3
1148,6,5,3
1149,8,4,3
1150,5,1,3
1151,2,5,3
1152,3,2,3
1153,7,4,3
1154,5,6,3
1155,4,1,3
1156,2,7,3
1157,2,2,3
1158,5,2,3
1159,8,4,3
1160,1,2,3
1161,3,2,3
1162,3,2,3
1163,1,7,3
1164,3,2,3
1165,1,1,3
1166,1,4,3
1167,5,7,3
1168,3,2,3
1169,5,3,3
1170,3,2,3
1171,5,5,3
1172,2,2,3
1173,1,4,3
1174,6,3,3
1175,1,2,3
1176,8,4,3
1177,6,7,3
1178,7,1,3
1179,3,1,3
1180,6,7,3
1181,1,2,3
1182,5,1,3
1183,4,2,3
1184,8,3,3
1185,4,7,3
1186,2,2,3
1187,4,1,3
1188,3,3,3
1189,7,2,3
1190,3,2,3
1191,5,7,3
1192,3,4,3
1193,7,4,3
1194,8,2,3
1195,7,1,3
1196,8,4,3
1197,2,7,3
1198,6,6,3
1199,4,1,3
1200,4,1,3
1201,6,4,3
1202,1,3,3
1203,1,2,3
1204,2,3,3
1205,8,4,3
1206,5,1,3
1207,5,8,3
1208,2,3,3
1209,1,2,3
1210,8,3,3
1211,4,3,3
1212,8,1,3
1213,6,7,3
1214,6,4,3
1215,5,1,3
1216,6,2,3
1217,6,8,3
1218,7,1,3
1219,6,7,3
1220,7,1,3
1221,3,3,3
1222,6,2,3
1223,7,1,3
1224,5,2,3
1225,6,3,3
1226,6,3,3
1227,8,2,3
1228,2,2,3
1229,2,4,3
1230,7,1,3
1231,5,2,3
1232,6,3,3
1233,6,3,3
1234,1,2,3
1235,6,8,3
1236,6,2,3
1237,6,4,3
1238,8,3,3
1239,8,2,3
1240,5,4,3
1241,4,2,3
1242,2,2,3
1243,5,5,3
1244,1,7,3
1245,3,1,3
1246,7,4,3
1247,3,1,3
1248,7,4,3
1249,1,1,3
1250,4,3,3
1251,6,5,3
1252,8,4,3
1253,4,2,3
1254,8,2,3
1255,4,3,3
1256,4,1,3
1257,4,5,3
1258,3,3,3
1259,2,7,3
1260,8,6,3
1261,8,2,3
1262,1,1,3
1263,3,8,3
1264,6,2,3
1265,4,1,3
1266,8,7,3
1267,2,4,3
1268,5,8,3
1269,7,1,3
1270,1,1,3
1271,8,3,3
1272,7,5,3
1273,6,1,3
1274,6,5,3
1275,3,1,3
1276,1,7,3
1277,1,4,3
1278,2,1,3
1279,7,1,3
1280,6,2,3
1281,5,2,3
1282,6,4,3
1283,8,6,3
1284,3,3,3
1285,6,2,3
1286,6,7,3
1287,4,1,3
1288,8,3,3
1289,8,1,3
1290,6,7,3
1291,1,3,3
1292,8,6,3
1293,8,2,3
1294,8,2,3
1295,4,4,3
1296,2,6,3
1297,1,3,3
1298,4,3,3
1299,1,7,3
1300,7,1,3
1301,6,8,3
1302,4,5,3
1303,2,7,3
1304,3,3,3
1305,8,3,3
1306,2,7,3
1307,7,1,3
1308,3,1,3
1309,4,3,3
1310,2,7,3
1311,8,2,3
1312,6,7,3
1313,4,3,3
1314,1,2,3
1315,7,6,3
1316,3,5,3
1317,4,3,3
1318,6,1,3
1319,6,8,3
1320,5,2,3
1321,5,8,3
1322,2,2,3
1323,1,4,3
1324,6,2,3
1325,6,7,3
1326,1,5,3
1327,7,6,3
1328,2,3,3
1329,4,5,3
1330,8,2,3
1331,3,3,3
1332,4,1,3
1333,4,2,3
1334,8,7,3
1335,5,5,3
1336,8,4,3
1337,6,5,3
1338,1,4,3
1339,2,5,3
1340,1,2,3
1341,6,8,3
1342,4,3,3
1343,8,2,3
1344,3,3,3
1345,3,7,3
1346,8,2,3
1347,7,8,3
1348,7,6,3
1349,7,3,3
1350,4,3,3
1351,6,2,3
1352,5,1,3
1353,2,2,3
1354,8,2,3
1355,7,4,3
1356,8,2,3
1357,5,8,3
1358,8,7,3
1359,7,1,3
1360,1,3,3
1361,8,2,3
1362,4,3,3
1363,1,1,3
1364,7,5,3
1365,4,3,3
1366,7,6,3
1367,3,1,3
1368,8,1,3
1369,1,6,3
1370,2,4,3
1371,5,6,3
1372,1,3,3
1373,1,2,3
1374,3,4,3
1375,4,1,3
1376,5,2,3
1377,6,2,3
1378,1,2,3
1379,3,3,3
1380,4,4,3
1381,5,7,3
1382,2,8,3
1383,3,7,3
1384,2,8,3
1385,2,2,3
1386,7,6,3
1387,7,6,3
1388,4,2,3
1389,4,3,3
1390,6,3,3
1391,6,5,3
1392,3,3,3
1393,1,4,3
1394,7,7,3
1395,1,5,3
1396,1,1,3
1397,4,3,3
1398,5,4,3
1399,6,8,3
1400,4,1,3
1401,8,8,3
1402,1,7,3
1403,1,4,3
1404,2,6,3
1405,1,6,3
1406,7,1,3
1407,6,7,3
1408,5,5,3
1409,1,3,3
1410,2,3,3
1411,5,2,3
1412,6,2,3
1413,4,1,3
1414,7,8,3
1415,1,4,3
1416,8,1,3
1417,6,8,3
1418,7,6,3
1419,6,5,3
1420,5,3,3
1421,2,6,3
1422,5,2,3
1423,2,7,3
1424,4,8,3
1425,2,7,3
1426,8,4,3
1427,2,5,3
1428,6,1,3
1429,6,4,3
1430,1,2,3
1431,6,4,3
1432,3,3,3
1433,7,2,3
1434,5,8,3
1435,7,1,3
1436,5,5,3
1437,4,3,3
1438,6,2,3
1439,3,1,3
1440,6,5,3
1441,7,4,3
1442,4,3,3
1443,4,2,3
1444,6,7,3
1445,3,3,3
1446,7,6,3
1447,7,1,3
1448,1,1,3
1449,5,2,3
1450,2,4,3
1451,4,2,3
1452,6,1,3
1453,7,6,3
1454,1,1,3
1455,8,4,3
1456,4,6,3
1457,5,5,3
1458,6,7,3
1459,4,4,3
1460,6,2,3
1461,1,2,3
1462,3,1,3
1463,1,2,3
1464,5,8,3
1465,7,1,3
1466,5,2,3
1467,8,2,3
1468,6,5,3
1469,7,2,3
1470,8,2,3
1471,1,7,3
1472,3,3,3
1473,8,1,3
1474,3,3,3
1475,2,4,3
1476,4,1,3
1477,7,1,3
1478,5,6,3
1479,7,1,3
1480,6,8,3
1481,4,4,3
1482,6,8,3
1483,5,5,3
1484,6,4,3
1485,1,5,3
1486,3,4,3
1487,6,8,3
1488,1,2,3
1489,7,4,3
1490,2,7,3
1491,4,3,3
1492,3,1,3
1493,5,7,3
1494,5,2,3
1495,1,7,3
1496,6,2,3
1497,4,3,3
1498,5,6,3
1499,3,3,3
1500,6,7,3
1501,2,1,3
1502,7,1,3
1503,2,6,3
1504,7,7,3
1505,8,2,3
1506,3,1,3
1507,5,4,3
1508,5,8,3
1509,1,4,3
1510,3,6,3
1511,7,5,3
1512,6,6,3
1513,3,3,3
1514,5,6,3
1515,4,1,3
1516,6,3,3
1517,3,3,3
1518,6,1,3
1519,4,7,3
1520,1,3,3
1521,5,8,3
1522,5,6,3
1523,3,1,3
1524,2,6,3
1525,2,2,3
1526,2,4,3
1527,1,7,3
1528,6,5,3
1529,3,8,3
1530,1,7,3
1531,5,7,3
1532,4,7,3
1533,5,7,3
1534,4,7,3
1535,1,6,3
1536,8,2,3
1537,1,7,3
1538,6,7,3
1539,6,7,3
1540,4,1,3
1541,7,7,3
1542,7,1,3
1543,4,1,3
1544,8,2,3
1545,6,7,3
1546,5,5,3
1547,7,6,3
1548,6,7,3
1549,4,2,3
1550,5,2,3
1551,8,4,3
1552,5,7,3
1553,4,3,3
1554,2,7,3
1555,3,2,3
1556,2,4,3
1557,7,1,3
1558,4,1,3
1559,5,8,3
1560,8,2,3
1561,8,2,3
1562,1,1,3
1563,3,5,3
1564,6,2,3
1565,4,1,3
1566,3,3,3
1567,8,2,3
1568,2,7,3
1569,7,4,3
1570,3,1,3
1571,8,2,3
1572,5,4,3
1573,1,5,3
1574,2,7,3
1575,5,3,3
1576,4,1,3
1577,6,1,3
1578,5,1,3
1579,4,3,3
1580,4,3,3
1581,7,1,3
1582,8,1,3
1583,8,2,3
1584,3,2,3
1585,7,3,3
1586,6,4,3
1587,4,3,3
1588,2,7,3
1589,7,2,3
1590,1,4,3
1591,6,5,3
1592,8,6,3
1593,6,3,3
1594,7,7,3
1595,7,6,3
1596,8,7,3
1597,7,6,3
1598,3,4,3
1599,3,1,3
1600,2,2,3
1601,3,2,3
1602,5,1,3
1603,4,2,3
1604,1,5,3
1605,8,2,3
1606,3,1,3
1607,7,1,3
1608,5,4,3
1609,3,4,3
1610,4,4,3
1611,8,2,3
1612,2,3,3
1613,8,1,3
1614,7,4,3
1615,1,5,3
1616,7,3,3
1617,8,1,3
1618,3,2,3
1619,5,4,3
1620,4,1,3
1621,4,3,3
1622,7,4,3
1623,7,6,3
1624,7,5,3
1625,3,1,3
1626,8,7,3
1627,6,7,3
1628,6,4,3
1629,8,6,3
1630,1,6,3
1631,8,6,3
1632,8,7,3
1633,5,4,3
1634,7,4,3
1635,6,3,3
1636,5,5,3
1637,2,1,3
1638,3,1,3
1639,2,3,3
1640,8,2,3
1641,7,1,3
1642,4,3,3
1643,5,5,3
1644,7,4,3
1645,8,3,3
1646,2,7,3
1647,7,6,3
1648,4,3,3
1649,6,3,3
1650,7,6,3
1651,6,3,3
1652,2,4,3
1653,6,1,3
1654,5,1,3
1655,1,7,3
1656,1,6,3
1657,4,3,3
1658,8,2,3
1659,1,7,3
1660,5,1,3
1661,6,7,3
1662,3,1,3
1663,3,1,3
1664,3,1,3
1665,1,2,3
1666,4,7,3
1667,1,1,3
1668,2,2,3
1669,3,3,3
1670,8,4,3
1671,7,1,3
1672,5,1,3
1673,4,1,3
1674,3,1,3
1675,7,1,3
1676,7,4,3
1677,5,5,3
1678,1,1,3
1679,2,3,3
1680,1,3,4
1681,8,2,4
1682,5,2,4
1683,4,3,4
1684,5,2,4
1685,3,2,4
1686,5,6,4
1687,2,6,4
1688,3,2,4
1689,3,1,4
1690,8,4,4
1691,3,3,4
1692,4,6,4
1693,7,3,4
1694,1,8,4
1695,2,2,4
1696,4,2,4
1697,2,2,4
1698,5,2,4
1699,6,2,4
1700,6,4,4
1701,4,4,4
1702,6,3,4
1703,3,3,4
1704,2,2,4
1705,8,2,4
1706,1,2,4
1707,8,2,4
1708,4,3,4
1709,7,1,4
1710,7,2,4
1711,6,1,4
1712,6,3,4
1713,2,7,4
1714,7,4,4
1715,6,1,4
1716,6,2,4
1717,4,6,4
1718,4,1,4
1719,4,1,4
1720,8,8,4
1721,7,1,4
1722,4,1,4
1723,6,2,4
1724,2,2,4
1725,4,1,4
1726,1,1,4
1727,1,3,4
1728,2,1,4
1729,7,2,4
1730,5,2,4
1731,6,5,4
1732,8,2,4
1733,3,1,4
1734,4,1,4
1735,4,7,4
1736,6,3,4
1737,1,5,4
1738,8,1,4
1739,2,2,4
1740,3,1,4
1741,5,8,4
1742,7,6,4
1743,7,5,4
1744,1,7,4
1745,6,1,4
1746,3,1,4
1747,7,1,4
1748,6,3,4
1749,3,1,4
1750,5,5,4
1751,6,7,4
1752,1,6,4
1753,3,3,4
1754,8,2,4
1755,8,4,4
1756,3,1,4
1757,5,3,4
1758,7,7,4
1759,1,1,4
1760,8,2,4
1761,2,7,4
1762,5,7,4
1763,2,7,4
1764,3,3,4
1765,4,1,4
1766,8,3,4
1767,2,7,4
1768,6,2,4
1769,2,4,4
1770,6,1,4
1771,3,7,4
1772,5,5,4
1773,4,1,4
1774,4,1,4
1775,1,3,4
1776,5,1,4
1777,3,3,4
1778,2,6,4
1779,5,2,4
1780,1,7,4
1781,8,2,4
1782,5,8,4
1783,2,7,4
1784,5,7,4
1785,5,5,4
1786,3,1,4
1787,7,1,4
1788,2,2,4
1789,8,7,4
1790,7,6,4
1791,1,2,4
1792,3,2,4
1793,7,3,4
1794,3,2,4
1795,2,7,4
1796,4,1,4
1797,2,4,4
1798,3,1,4
1799,6,5,4
1800,7,6,4
1801,7,1,4
1802,8,2,4
1803,7,3,4
1804,3,1,4
1805,3,3,4
1806,4,3,4
1807,6,2,4
1808,6,5,4
1809,8,4,4
1810,7,1,4
1811,5,3,4
1812,1,1,4
1813,7,7,4
1814,5,8,4
1815,3,2,4
1816,2,7,4
1817,2,7,4
1818,7,4,4
1819,2,6,4
1820,7,5,4
1821,6,7,4
1822,4,1,4
1823,6,3,4
1824,4,1,4
1825,2,3,4
1826,2,4,4
1827,8,1,4
1828,4,3,4
1829,6,5,4
1830,5,2,4
1831,3,2,4
1832,3,1,4
1833,5,8,4
1834,5,1,4
1835,2,6,4
1836,3,3,4
1837,8,6,4
1838,7,6,4
1839,5,6,4
1840,7,4,4
1841,3,3,4
1842,7,1,4
1843,7,4,4
1844,5,8,4
1845,1,5,4
1846,6,1,4
1847,8,3,4
1848,7,3,4
1849,8,3,4
1850,2,2,4
1851,8,2,4
1852,1,7,4
1853,8,2,4
1854,5,1,4
1855,6,4,4
1856,3,3,4
1857,3,2,4
1858,5,2,4
1859,1,5,4
1860,1,2,4
1861,6,5,4
1862,3,1,4
1863,6,3,4
1864,3,7,4
1865,5,8,4
1866,1,6,4
1867,1,7,4
1868,1,1,4
1869,7,4,4
1870,8,2,4
1871,4,7,4
1872,1,1,4
1873,1,4,4
1874,3,1,4
1875,2,4,4
1876,6,6,4
1877,2,2,4
1878,1,2,4
1879,5,8,4
1880,1,2,4
1881,3,2,4
1882,3,1,4
1883,5,1,4
1884,1,1,4
1885,2,6,4
1886,4,1,4
1887,6,3,4
1888,3,3,4
1889,5,2,4
1890,5,2,4
1891,2,7,4
1892,4,1,4
1893,4,4,4
1894,4,2,4
1895,3,1,4
1896,6,1,4
1897,7,3,4
1898,1,2,4
1899,3,3,4
1900,3,3,4
1901,5,2,4
1902,3,3,4
1903,7,4,4
1904,6,2,4
1905,3,3,4
1906,3,2,4
1907,2,2,4
1908,1,8,4
1909,1,6,4
1910,2,2,4
1911,4,8,4
1912,7,3,4
1913,6,2,4
1914,4,3,4
1915,8,1,4
1916,7,4,4
1917,6,5,4
1918,3,2,4
1919,8,4,4
1920,2,2,4
1921,2,2,4
1922,1,1,4
1923,6,3,4
1924,6,2,4
1925,6,1,4
1926,8,2,4
1927,8,8,4
1928,1,7,4
1929,8,2,4
1930,8,2,4
1931,1,2,4
1932,2,2,4
1933,3,2,4
1934,8,1,4
1935,3,1,4
1936,2,4,4
1937,6,4,4
1938,2,6,4
1939,6,6,4
1940,2,2,4
1941,4,1,4
1942,7,5,4
1943,6,2,4
1944,3,3,4
1945,7,3,4
1946,6,1,4
1947,8,2,4
1948,2,7,4
1949,7,4,4
1950,1,2,4
1951,4,1,4
1952,5,2,4
1953,3,1,4
1954,1,3,4
1955,5,4,4
1956,5,1,4
1957,5,5,4
1958,6,1,4
1959,8,7,4
1960,3,3,4
1961,1,5,4
1962,2,7,4
1963,3,1,4
1964,4,7,4
1965,4,3,4
1966,1,5,4
1967,2,1,4
1968,3,6,4
1969,3,7,4
1970,2,4,4
1971,3,4,4
1972,2,4,4
1973,1,1,4
1974,8,1,4
1975,3,7,4
1976,3,3,4
1977,6,3,4
1978,2,2,4
1979,6,5,4
1980,1,1,4
1981,7,4,4
1982,1,4,4
1983,5,5,4
1984,6,5,4
1985,8,4,4
1986,4,3,4
1987,7,6,4
1988,5,6,4
1989,1,4,4
1990,5,6,4
1991,8,1,4
1992,3,1,4
1993,1,4,4
1994,1,7,4
1995,6,3,4
1996,4,1,4
1997,4,3,4
1998,4,3,4
1999,4,7,4
2000,3,2,4
2001,2,2,4
2002,2,7,4
2003,2,2,4
2004,3,3,4
2005,5,3,4
2006,1,2,4
2007,6,5,4
2008,7,2,4
2009,4,2,4
2010,3,1,4
2011,8,1,4
2012,7,1,4
2013,7,6,4
2014,5,7,4
2015,1,1,4
2016,8,2,4
2017,5,6,4
2018,7,3,4
2019,1,7,4
2020,8,2,4
2021,1,1,4
2022,3,1,4
2023,5,6,4
2024,7,3,4
2025,6,2,4
2026,8,6,4
2027,8,2,4
2028,5,4,4
2029,8,1,4
2030,6,8,4
2031,4,3,4
2032,7,1,4
2033,2,6,4
2034,6,5,4
2035,2,4,4
2036,5,1,4
2037,5,7,4
2038,8,1,4
2039,4,7,4
2040,8,2,4
2041,1,4,4
2042,4,1,4
2043,3,3,4
2044,3,3,4
2045,2,2,4
2046,1,1,4
2047,1,7,4
2048,5,2,4
2049,1,2,4
2050,1,2,4
2051,3,3,4
2052,3,7,4
2053,5,2,4
2054,5,7,4
2055,1,2,4
2056,6,8,4
2057,6,3,4
2058,5,4,4
2059,6,4,4
2060,3,7,4
2061,7,2,4
2062,2,4,4
2063,7,2,4
2064,2,2,4
2065,3,3,4
2066,4,2,4
2067,7,1,4
2068,7,1,4
2069,5,1,4
2070,4,1,4
2071,5,5,4
2072,4,3,4
2073,7,2,4
2074,6,5,4
2075,1,6,4
2076,5,1,4
2077,2,1,4
2078,6,5,4
2079,7,7,4
2080,4,3,4
2081,8,6,4
2082,2,7,4
2083,6,2,4
2084,3,1,4
2085,6,6,4
2086,8,4,4
2087,2,7,4
2088,8,1,4
2089,3,2,4
2090,7,1,4
2091,8,7,4
2092,2,1,4
2093,1,4,4
2094,3,1,4
2095,3,4,4
2096,8,3,4
2097,5,4,4
2098,6,8,4
2099,7,6,4
2100,7,3,4
2101,6,3,4
2102,3,3,4
2103,3,2,4
2104,8,2,4
2105,5,1,4
2106,4,1,4
2107,1,3,4
2108,4,7,4
2109,2,1,4
2110,6,7,4
2111,8,1,4
2112,2,1,4
2113,3,1,4
2114,1,7,4
2115,6,3,4
2116,3,3,4
2117,7,1,4
2118,8,4,4
2119,7,6,4
2120,3,6,4
2121,3,3,4
2122,7,2,4
2123,1,1,4
2124,6,1,4
2125,6,3,4
2126,4,5,4
2127,6,5,4
2128,5,8,4
2129,3,6,4
2130,1,2,4
2131,7,1,4
2132,3,1,4
2133,4,3,4
2134,1,8,4
2135,7,7,4
2136,4,3,4
2137,4,4,4
2138,8,2,4
2139,8,2,4
2140,4,2,4
2141,4,3,4
2142,5,8,4
2143,4,7,4
2144,5,4,4
2145,5,1,4
2146,6,2,4
2147,8,2,4
2148,2,4,4
2149,3,2,4
2150,2,2,4
2151,6,7,4
2152,1,4,4
2153,2,7,4
2154,1,2,4
2155,2,2,4
2156,3,1,4
2157,8,3,4
2158,7,2,4
2159,8,6,4
2160,8,4,4
2161,2,4,4
2162,2,7,4
2163,2,2,4
2164,2,8,4
2165,3,2,4
2166,5,6,4
2167,2,1,4
2168,5,7,4
2169,2,2,4
2170,5,1,4
2171,4,4,4
2172,2,7,4
2173,4,3,4
2174,7,7,4
2175,2,2,4
2176,8,4,4
2177,2,2,4
2178,2,3,4
2179,4,4,4
2180,2,7,4
2181,7,3,4
2182,6,5,4
2183,5,1,4
2184,4,1,4
2185,2,1,4
2186,4,3,4
2187,3,2,4
2188,2,7,4
2189,5,7,4
2190,8,3,4
2191,2,4,4
2192,6,6,4
2193,5,1,4
2194,3,2,4
2195,8,2,4
2196,8,7,4
2197,1,2,4
2198,2,7,4
2199,7,7,4
2200,3,3,4
2201,7,2,4
2202,8,7,4
2203,6,5,4
2204,7,1,4
2205,5,1,4
2206,4,3,4
2207,5,8,4
2208,8,6,4
2209,4,3,4
2210,7,8,4
2211,2,4,4
2212,7,7,4
2213,8,2,4
2214,3,3,4
2215,3,2,4
2216,5,2,4
2217,7,4,4
2218,5,8,4
2219,8,4,4
2220,1,1,4
2221,3,2,4
2222,2,3,4
2223,4,3,4
2224,7,2,4
2225,8,2,4
2226,3,1,4
2227,8,2,4
2228,7,3,4
2229,5,8,4
2230,5,2,4
2231,2,4,4
2232,1,2,4
2233,6,2,4
2234,6,8,4
2235,2,2,4
2236,7,6,4
2237,7,1,4
2238,5,2,4
2239,7,4,4
2240,5,2,5
2241,5,1,5
2242,8,2,5
2243,5,2,5
2244,5,6,5
2245,8,1,5
2246,4,1,5
2247,3,6,5
2248,8,2,5
2249,8,2,5
2250,7,6,5
2251,8,3,5
2252,5,2,5
2253,5,8,5
2254,7,5,5
2255,4,1,5
2256,4,3,5
2257,8,4,5
2258,6,1,5
2259,4,8,5
2260,1,6,5
2261,4,3,5
2262,3,4,5
2263,1,1,5
2264,1,6,5
2265,4,7,5
2266,8,2,5
2267,5,7,5
2268,8,2,5
2269,7,2,5
2270,6,2,5
2271,4,6,5
2272,1,4,5
2273,2,7,5
2274,5,6,5
2275,4,1,5
2276,6,8,5
2277,7,1,5
2278,6,2,5
2279,3,3,5
2280,6,4,5
2281,7,6,5
2282,8,2,5
2283,2,7,5
2284,6,7,5
2285,1,4,5
2286,6,7,5
2287,7,2,5
2288,7,4,5
2289,8,1,5
2290,6,2,5
2291,7,8,5
2292,1,3,5
2293,4,4,5
2294,7,6,5
2295,3,3,5
2296,4,2,5
2297,4,4,5
2298,8,2,5
2299,5,2,5
2300,1,7,5
2301,2,7,5
2302,5,2,5
2303,1,3,5
2304,6,4,5
2305,3,6,5
2306,8,2,5
2307,8,2,5
2308,1,1,5
2309,8,3,5
2310,5,5,5
2311,8,2,5
2312,4,3,5
2313,7,7,5
2314,7,2,5
2315,3,3,5
2316,8,6,5
2317,6,3,5
2318,2,2,5
2319,1,1,5
2320,1,2,5
2321,8,1,5
2322,8,6,5
2323,2,1,5
2324,8,2,5
2325,4,1,5
2326,7,4,5
2327,8,7,5
2328,6,4,5
2329,8,2,5
2330,7,3,5
2331,6,7,5
2332,4,2,5
2333,4,2,5
2334,8,2,5
2335,6,4,5
2336,7,1,5
2337,2,4,5
2338,1,7,5
2339,1,4,5
2340,2,1,5
2341,2,7,5
2342,6,8,5
2343,5,2,5
2344,5,5,5
2345,8,2,5
2346,2,7,5
2347,3,7,5
2348,4,3,5
2349,3,1,5
2350,3,1,5
2351,3,5,5
2352,1,7,5
2353,3,7,5
2354,4,1,5
2355,7,1,5
2356,8,1,5
2357,4,1,5
2358,5,5,5
2359,6,3,5
2360,8,1,5
2361,4,1,5
2362,4,3,5
2363,6,8,5
2364,8,2,5
2365,6,3,5
2366,5,2,5
2367,8,2,5
2368,2,7,5
2369,5,8,5
2370,1,7,5
2371,1,4,5
2372,7,4,5
2373,6,5,5
2374,7,1,5
2375,7,4,5
2376,4,7,5
2377,4,1,5
2378,7,1,5
2379,3,3,5
2380,1,2,5
2381,4,1,5
2382,2,1,5
2383,3,1,5
2384,1,1,5
2385,4,3,5
2386,4,1,5
2387,1,1,5
2388,8,1,5
2389,5,1,5
2390,8,2,5
2391,2,1,5
2392,5,7,5
2393,6,5,5
2394,2,7,5
2395,8,2,5
2396,4,2,5
2397,2,1,5
2398,1,2,5
2399,3,3,5
2400,2,7,5
2401,2,2,5
2402,6,8,5
2403,5,7,5
2404,6,5,5
2405,4,3,5
2406,5,2,5
2407,2,1,5
2408,5,8,5
2409,5,7,5
2410,7,1,5
2411,8,1,5
2412,6,2,5
2413,7,6,5
2414,3,2,5
2415,6,2,5
2416,2,3,5
2417,2,1,5
2418,7,4,5
2419,7,1,5
2420,4,1,5
2421,7,6,5
2422,2,2,5
2423,8,2,5
2424,8,2,5
2425,6,4,5
2426,4,3,5
2427,7,1,5
2428,4,4,5
2429,7,1,5
2430,1,2,5
2431,3,2,5
2432,3,2,5
2433,2,4,5
2434,4,3,5
2435,6,4,5
2436,7,1,5
2437,3,2,5
2438,3,3,5
2439,4,1,5
2440,5,4,5
2441,7,2,5
2442,8,2,5
2443,2,7,5
2444,8,4,5
2445,3,1,5
2446,7,3,5
2447,2,4,5
2448,5,8,5
2449,8,1,5
2450,1,3,5
2451,7,6,5
2452,4,1,5
2453,8,1,5
2454,8,1,5
2455,4,3,5
2456,1,2,5
2457,8,3,5
2458,6,4,5
2459,8,1,5
2460,7,1,5
2461,5,2,5
2462,5,4,5
2463,3,1,5
2464,1,5,5
2465,6,5,5
2466,1,4,5
2467,4,3,5
2468,4,1,5
2469,5,4,5
2470,8,2,5
2471,6,2,5
2472,2,7,5
2473,5,2,5
2474,6,7,5
2475,2,7,5
2476,1,7,5
2477,6,5,5
2478,2,8,5
2479,2,2,5
2480,5,7,5
2481,3,1,5
2482,3,3,5
2483,3,5,5
2484,1,8,5
2485,2,7,5
2486,8,1,5
2487,7,5,5
2488,2,8,5
2489,5,2,5
2490,8,2,5
2491,3,2,5
2492,1,1,5
2493,3,2,5
2494,5,3,5
2495,3,1,5
2496,7,1,5
2497,1,3,5
2498,2,4,5
2499,6,2,5
2500,4,1,5
2501,2,7,5
2502,6,3,5
2503,2,7,5
2504,4,3,5
2505,1,1,5
2506,8,2,5
2507,4,1,5
2508,5,5,5
2509,6,7,5
2510,4,3,5
2511,1,6,5
2512,8,2,5
2513,7,1,5
2514,5,4,5
2515,7,4,5
2516,4,3,5
2517,5,4,5
2518,4,3,5
2519,5,1,5
2520,1,7,5
2521,2,4,5
2522,8,7,5
2523,8,2,5
2524,2,2,5
2525,7,3,5
2526,8,2,5
2527,3,2,5
2528,1,2,5
2529,6,2,5
2530,1,7,5
2531,7,6,5
2532,6,7,5
2533,3,1,5
2534,4,3,5
2535,8,2,5
2536,6,5,5
2537,6,1,5
2538,3,3,5
2539,1,3,5
2540,7,4,5
2541,5,8,5
2542,1,3,5
2543,2,7,5
2544,7,2,5
2545,1,1,5
2546,5,2,5
2547,6,8,5
2548,4,3,5
2549,1,3,5
2550,2,6,5
2551,1,1,5
2552,8,3,5
2553,2,6,5
2554,6,5,5
2555,6,3,5
2556,5,6,5
2557,4,3,5
2558,6,3,5
2559,4,4,5
2560,1,7,5
2561,4,3,5
2562,4,7,5
2563,4,4,5
2564,6,7,5
2565,6,7,5
2566,2,1,5
2567,4,1,5
2568,8,2,5
2569,7,3,5
2570,1,4,5
2571,3,1,5
2572,2,7,5
2573,4,4,5
2574,2,2,5
2575,2,7,5
2576,3,3,5
2577,3,3,5
2578,5,8,5
2579,2,2,5
2580,2,7,5
2581,1,4,5
2582,7,6,5
2583,7,1,5
2584,7,4,5
2585,6,2,5
2586,2,4,5
2587,6,3,5
2588,4,7,5
2589,3,7,5
2590,4,1,5
2591,6,2,5
2592,1,7,5
2593,5,2,5
2594,4,3,5
2595,6,4,5
2596,1,3,5
2597,1,3,5
2598,5,1,5
2599,4,7,5
2600,5,6,5
2601,6,8,5
2602,1,1,5
2603,7,4,5
2604,6,3,5
2605,1,2,5
2606,1,7,5
2607,3,2,5
2608,1,7,5
2609,7,5,5
2610,2,7,5
2611,2,2,5
2612,2,6,5
2613,3,4,5
2614,4,3,5
2615,4,5,5
2616,3,5,5
2617,1,1,5
2618,2,1,5
2619,7,4,5
2620,4,8,5
2621,7,3,5
2622,4,7,5
2623,3,2,5
2624,8,2,5
2625,5,4,5
2626,5,8,5
2627,2,7,5
2628,3,1,5
2629,7,4,5
2630,5,2,5
2631,7,7,5
2632,2,7,5
2633,6,1,5
2634,7,8,5
2635,4,3,5
2636,6,7,5
2637,1,8,5
2638,3,3,5
2639,5,3,5
2640,2,2,5
2641,3,1,5
2642,6,5,5
2643,8,6,5
2644,4,6,5
2645,6,4,5
2646,6,8,5
2647,8,2,5
2648,7,5,5
2649,2,2,5
2650,1,2,5
2651,7,4,5
2652,8,1,5
2653,1,2,5
2654,6,7,5
2655,2,1,5
2656,2,3,5
2657,8,1,5
2658,3,7,5
2659,1,7,5
2660,7,3,5
2661,7,4,5
2662,2,1,5
2663,7,7,5
2664,3,2,5
2665,2,1,5
2666,6,2,5
2667,8,6,5
2668,2,7,5
2669,7,2,5
2670,8,2,5
2671,6,2,5
2672,3,3,5
2673,5,2,5
2674,1,7,5
2675,6,2,5
2676,5,7,5
2677,4,3,5
2678,3,5,5
2679,2,6,5
2680,2,6,5
2681,4,4,5
2682,8,1,5
2683,5,1,5
2684,4,3,5
2685,1,1,5
2686,3,1,5
2687,8,2,5
2688,6,7,5
2689,5,1,5
2690,1,1,5
2691,3,3,5
2692,8,2,5
2693,3,1,5
2694,5,6,5
2695,5,2,5
2696,7,4,5
2697,1,5,5
2698,8,2,5
2699,4,1,5
2700,7,3,5
2701,7,6,5
2702,8,2,5
2703,8,6,5
2704,7,4,5
2705,2,2,5
2706,5,8,5
2707,7,1,5
2708,5,7,5
2709,3,1,5
2710,5,1,5
2711,2,2,5
2712,7,2,5
2713,8,2,5
2714,7,4,5
2715,5,7,5
2716,6,2,5
2717,4,4,5
2718,7,6,5
2719,5,8,5
2720,4,1,5
2721,6,1,5
2722,2,6,5
2723,4,1,5
2724,6,5,5
2725,8,1,5
2726,5,5,5
2727,3,2,5
2728,8,3,5
2729,6,5,5
2730,3,2,5
2731,8,1,5
2732,1,4,5
2733,2,7,5
2734,3,1,5
2735,8,2,5
2736,6,2,5
2737,3,3,5
2738,2,7,5
2739,4,4,5
2740,8,2,5
2741,2,3,5
2742,8,2,5
2743,5,2,5
2744,8,1,5
2745,8,2,5
2746,7,3,5
2747,6,2,5
2748,6,4,5
2749,8,4,5
2750,5,8,5
2751,1,1,5
2752,5,8,5
2753,8,6,5
2754,3,3,5
2755,5,1,5
2756,7,2,5
2757,2,2,5
2758,6,5,5
2759,1,4,5
2760,2,2,5
2761,4,3,5
2762,6,5,5
2763,1,2,5
2764,8,1,5
2765,2,4,5
2766,4,1,5
2767,1,1,5
2768,5,2,5
2769,4,1,5
2770,4,3,5
2771,2,2,5
2772,6,5,5
2773,2,4,5
2774,1,2,5
2775,2,2,5
2776,3,2,5
2777,8,2,5
2778,2,1,5
2779,8,2,5
2780,2,1,5
2781,5,7,5
2782,5,5,5
2783,6,7,5
2784,5,1,5
2785,7,4,5
2786,8,2,5
2787,2,2,5
2788,8,3,5
2789,8,3,5
2790,5,2,5
2791,1,5,5
2792,8,2,5
2793,5,1,5
2794,2,4,5
2795,3,1,5
2796,8,4,5
2797,2,3,5
2798,1,6,5
2799,2,7,5
2800,4,1,6
2801,3,2,6
2802,5,5,6
2803,7,5,6
2804,7,8,6
2805,1,2,6
2806,4,3,6
2807,7,2,6
2808,4,1,6
2809,1,1,6
2810,4,3,6
2811,5,1,6
2812,5,8,6
2813,3,1,6
2814,6,2,6
2815,1,1,6
2816,1,6,6
2817,2,7,6
2818,2,6,6
2819,6,2,6
2820,2,7,6
2821,1,4,6
2822,1,2,6
2823,7,2,6
2824,2,7,6
2825,3,1,6
2826,6,3,6
2827,7,4,6
2828,2,1,6
2829,6,1,6
2830,7,5,6
2831,8,2,6
2832,2,1,6
2833,7,1,6
2834,8,2,6
2835,1,7,6
2836,4,3,6
2837,1,4,6
2838,4,1,6
2839,7,5,6
2840,5,5,6
2841,5,4,6
2842,4,3,6
2843,1,1,6
2844,2,4,6
2845,1,1,6
2846,5,6,6
2847,5,8,6
2848,8,6,6
2849,3,1,6
2850,3,2,6
2851,3,7,6
2852,8,2,6
2853,1,7,6
2854,4,1,6
2855,4,7,6
2856,2,2,6
2857,5,2,6
2858,2,1,6
2859,2,7,6
2860,1,1,6
2861,4,7,6
2862,5,7,6
2863,8,2,6
2864,7,4,6
2865,1,4,6
2866,6,7,6
2867,7,1,6
2868,2,7,6
2869,6,5,6
2870,3,3,6
2871,3,1,6
2872,1,2,6
2873,5,1,6
2874,7,1,6
2875,2,3,6
2876,8,2,6
2877,5,5,6
2878,8,2,6
2879,3,1,6
2880,8,3,6
2881,1,2,6
2882,2,2,6
2883,4,1,6
2884,5,1,6
2885,6,1,6
2886,6,7,6
2887,3,2,6
2888,8,2,6
2889,7,4,6
2890,8,1,6
2891,4,7,6
2892,5,3,6
2893,6,3,6
2894,6,6,6
2895,3,1,6
2896,6,1,6
2897,4,3,6
2898,2,1,6
2899,6,8,6
2900,4,7,6
2901,6,2,6
2902,2,2,6
2903,2,2,6
2904,5,2,6
2905,2,4,6
2906,7,7,6
2907,8,2,6
2908,8,2,6
2909,7,1,6
2910,2,1,6
2911,7,4,6
2912,4,7,6
2913,1,1,6
2914,2,7,6
2915,1,4,6
2916,8,1,6
2917,1,5,6
2918,3,3,6
2919,4,1,6
2920,6,2,6
2921,4,4,6
2922,4,1,6
2923,3,2,6
2924,6,3,6
2925,1,1,6
2926,2,7,6
2927,6,2,6
2928,8,8,6
2929,8,4,6
2930,7,1,6
2931,4,1,6
2932,7,7,6
2933,4,6,6
2934,6,8,6
2935,8,3,6
2936,8,2,6
2937,1,2,6
2938,7,4,6
2939,6,2,6
2940,2,7,6
2941,3,1,6
2942,5,2,6
2943,8,2,6
2944,7,4,6
2945,8,2,6
2946,4,7,6
2947,1,6,6
2948,5,8,6
2949,3,3,6
2950,7,2,6
2951,7,1,6
2952,1,6,6
2953,8,2,6
2954,7,1,6
2955,2,1,6
2956,6,5,6
2957,5,5,6
2958,4,6,6
2959,4,3,6
2960,6,1,6
2961,7,7,6
2962,5,7,6
2963,4,1,6
2964,8,2,6
2965,6,4,6
2966,7,1,6
2967,6,5,6
2968,5,8,6
2969,2,6,6
2970,3,1,6
2971,7,6,6
2972,4,3,6
2973,1,4,6
2974,2,7,6
2975,6,6,6
2976,5,6,6
2977,5,4,6
2978,8,2,6
2979,1,1,6
2980,3,1,6
2981,5,5,6
2982,2,2,6
2983,3,3,6
2984,8,2,6
2985,7,2,6
2986,5,2,6
2987,8,2,6
2988,3,1,6
2989,7,4,6
2990,4,2,6
2991,4,3,6
2992,7,7,6
2993,3,2,6
2994,6,2,6
2995,4,1,6
2996,2,6,6
2997,5,5,6
2998,2,2,6
2999,2,1,6
3000,2,2,6
3001,1,4,6
3002,6,2,6
3003,1,6,6
3004,3,7,6
3005,8,2,6
3006,4,1,6
3007,1,6,6
3008,1,7,6
3009,5,7,6
3010,4,3,6
3011,2,6,6
3012,1,7,6
3013,2,6,6
3014,5,2,6
3015,6,4,6
3016,5,8,6
3017,2,7,6
3018,2,4,6
3019,3,1,6
3020,6,5,6
3021,5,5,6
3022,1,6,6
3023,2,2,6
3024,4,2,6
3025,7,3,6
3026,5,2,6
3027,4,6,6
3028,2,1,6
3029,6,4,6
3030,7,1,6
3031,2,6,6
3032,4,2,6
3033,7,1,6
3034,4,3,6
3035,7,3,6
3036,8,3,6
3037,3,3,6
3038,7,2,6
3039,3,2,6
3040,5,8,6
3041,8,3,6
3042,3,3,6
3043,3,3,6
3044,2,6,6
3045,5,1,6
3046,5,8,6
3047,5,2,6
3048,4,7,6
3049,7,2,6
3050,3,1,6
3051,2,2,6
3052,4,4,6
3053,4,2,6
3054,1,1,6
3055,2,1,6
3056,8,2,6
3057,3,2,6
3058,8,7,6
3059,2,6,6
3060,3,3,6
3061,3,3,6
3062,7,1,6
3063,1,4,6
3064,6,4,6
3065,4,2,6
3066,7,1,6
3067,6,4,6
3068,8,3,6
3069,8,3,6
3070,3,3,6
3071,4,3,6
3072,3,3,6
3073,7,7,6
3074,7,1,6
3075,4,1,6
3076,2,8,6
3077,5,1,6
3078,8,2,6
3079,4,1,6
3080,8,7,6
3081,4,3,6
3082,7,4,6
3083,1,2,6
3084,5,2,6
3085,8,2,6
3086,2,4,6
3087,7,3,6
3088,2,2,6
3089,3,3,6
3090,3,3,6
3091,4,2,6
3092,8,2,6
3093,4,1,6
3094,8,7,6
3095,5,1,6
3096,3,2,6
3097,6,2,6
3098,3,7,6
3099,1,2,6
3100,2,2,6
3101,8,4,6
3102,8,2,6
3103,5,3,6
3104,6,5,6
3105,3,1,6
3106,2,2,6
3107,6,3,6
3108,4,1,6
3109,8,2,6
3110,5,4,6
3111,2,1,6
3112,2,6,6
3113,6,7,6
3114,7,2,6
3115,5,8,6
3116,1,1,6
3117,6,6,6
3118,6,7,6
3119,8,2,6
3120,7,2,6
3121,5,2,6
3122,8,1,6
3123,7,2,6
3124,3,3,6
3125,1,2,6
3126,8,2,6
3127,3,3,6
3128,5,1,6
3129,4,3,6
3130,1,4,6
3131,1,7,6
3132,1,1,6
3133,6,4,6
3134,6,7,6
3135,3,4,6
3136,1,1,6
3137,8,2,6
3138,8,2,6
3139,4,3,6
3140,1,6,6
3141,4,1,6
3142,7,6,6
3143,4,3,6
3144,1,1,6
3145,5,1,6
3146,2,2,6
3147,8,3,6
3148,2,1,6
3149,2,4,6
3150,4,3,6
3151,3,3,6
3152,2,1,6
3153,2,2,6
3154,8,1,6
3155,7,1,6
3156,4,2,6
3157,5,8,6
3158,1,4,6
3159,7,4,6
3160,2,6,6
3161,7,3,6
3162,6,4,6
3163,1,5,6
3164,8,2,6
3165,4,3,6
3166,6,2,6
3167,2,5,6
3168,4,2,6
3169,3,1,6
3170,3,7,6
3171,2,6,6
3172,2,4,6
3173,1,2,6
3174,2,4,6
3175,8,4,6
3176,5,1,6
3177,1,2,6
3178,7,7,6
3179,5,8,6
3180,8,6,6
3181,7,4,6
3182,5,4,6
3183,8,2,6
3184,3,3,6
3185,7,2,6
3186,4,1,6
3187,3,1,6
3188,4,8,6
3189,3,3,6
3190,4,3,6
3191,4,3,6
3192,5,2,6
3193,5,5,6
3194,3,2,6
3195,3,3,6
3196,8,2,6
3197,2,2,6
3198,5,2,6
3199,6,2,6
3200,7,3,6
3201,3,5,6
3202,4,6,6
3203,8,6,6
3204,7,1,6
3205,7,1,6
3206,3,1,6
3207,3,2,6
3208,4,6,6
3209,3,2,6
3210,5,7,6
3211,3,2,6
3212,2,7,6
3213,2,1,6
3214,5,6,6
3215,5,7,6
3216,7,3,6
3217,2,1,6
3218,7,3,6
3219,3,3,6
3220,8,2,6
3221,5,2,6
3222,7,3,6
3223,5,1,6
3224,6,3,6
3225,5,4,6
3226,2,7,6
3227,7,1,6
3228,5,1,6
3229,1,3,6
3230,7,1,6
3231,2,2,6
3232,5,2,6
3233,5,5,6
3234,6,1,6
3235,3,6,6
3236,2,2,6
3237,6,2,6
3238,7,2,6
3239,1,1,6
3240,1,1,6
3241,2,2,6
3242,4,1,6
3243,3,7,6
3244,3,3,6
3245,3,1,6
3246,3,3,6
3247,1,3,6
3248,5,2,6
3249,3,7,6
3250,5,3,6
3251,8,2,6
3252,3,1,6
3253,2,7,6
3254,4,2,6
3255,4,1,6
3256,4,7,6
3257,8,8,6
3258,6,2,6
3259,1,1,6
3260,8,1,6
3261,2,1,6
3262,3,3,6
3263,1,4,6
3264,3,1,6
3265,2,1,6
3266,8,2,6
3267,2,7,6
3268,5,4,6
3269,4,3,6
3270,5,2,6
3271,3,1,6
3272,5,8,6
3273,7,7,6
3274,1,1,6
3275,6,3,6
3276,1,1,6
3277,7,6,6
3278,7,3,6
3279,8,6,6
3280,2,3,6
3281,1,4,6
3282,8,4,6
3283,1,2,6
3284,6,2,6
3285,2,2,6
3286,2,2,6
3287,1,2,6
3288,2,4,6
3289,8,4,6
3290,6,4,6
3291,5,1,6
3292,7,4,6
3293,1,8,6
3294,8,6,6
3295,7,5,6
3296,5,2,6
3297,7,2,6
3298,3,2,6
3299,3,3,6
3300,2,7,6
3301,7,5,6
3302,2,3,6
3303,3,2,6
3304,1,2,6
3305,8,2,6
3306,8,8,6
3307,4,4,6
3308,5,6,6
3309,4,3,6
3310,4,7,6
3311,7,3,6
3312,3,6,6
3313,1,3,6
3314,4,3,6
3315,7,2,6
3316,8,2,6
3317,7,4,6
3318,1,4,6
3319,8,1,6
3320,2,7,6
3321,7,7,6
3322,8,7,6
3323,2,2,6
3324,7,4,6
3325,4,3,6
3326,6,8,6
3327,6,1,6
3328,6,7,6
3329,3,2,6
3330,7,4,6
3331,2,1,6
3332,1,2,6
3333,3,2,6
3334,3,1,6
3335,3,1,6
3336,3,1,6
3337,4,2,6
3338,4,4,6
3339,4,1,6
3340,6,5,6
3341,6,1,6
3342,1,2,6
3343,3,1,6
3344,2,7,6
3345,5,3,6
3346,3,1,6
3347,1,6,6
3348,8,6,6
3349,8,1,6
3350,1,1,6
3351,7,7,6
3352,4,3,6
3353,6,1,6
3354,1,3,6
3355,3,2,6
3356,4,3,6
3357,7,2,6
3358,4,5,6
3359,8,7,6
3360,7,1,7
3361,4,4,7
3362,4,2,7
3363,6,5,7
3364,8,2,7
3365,6,3,7
3366,7,4,7
3367,1,4,7
3368,2,2,7
3369,8,2,7
3370,8,2,7
3371,2,1,7
3372,1,1,7
3373,2,1,7
3374,6,1,7
3375,4,3,7
3376,8,1,7
3377,3,1,7
3378,8,2,7
3379,6,5,7
3380,2,3,7
3381,1,4,7
3382,8,2,7
3383,6,4,7
3384,4,8,7
3385,6,5,7
3386,3,3,7
3387,5,1,7
3388,4,3,7
3389,6,4,7
3390,7,2,7
3391,5,2,7
3392,8,2,7
3393,2,6,7
3394,3,3,7
3395,7,4,7
3396,3,3,7
3397,2,2,7
3398,6,3,7
3399,8,1,7
3400,3,3,7
3401,5,2,7
3402,6,1,7
3403,5,6,7
3404,3,5,7
3405,3,3,7
3406,8,4,7
3407,3,3,7
3408,8,4,7
3409,7,8,7
3410,1,1,7
3411,6,1,7
3412,3,5,7
3413,1,4,7
3414,3,3,7
3415,7,1,7
3416,4,1,7
3417,8,2,7
3418,1,2,7
3419,2,1,7
3420,3,3,7
3421,4,8,7
3422,8,4,7
3423,8,2,7
3424,1,2,7
3425,4,2,7
3426,2,2,7
3427,6,2,7
3428,7,1,7
3429,2,7,7
3430,3,3,7
3431,7,4,7
3432,8,8,7
3433,1,1,7
3434,4,8,7
3435,1,1,7
3436,3,1,7
3437,3,3,7
3438,3,1,7
3439,7,3,7
3440,8,2,7
3441,3,2,7
3442,4,2,7
3443,4,6,7
3444,8,2,7
3445,4,1,7
3446,5,1,7
3447,3,7,7
3448,8,6,7
3449,5,6,7
3450,3,3,7
3451,1,2,7
3452,8,1,7
3453,4,4,7
3454,6,2,7
3455,3,1,7
3456,3,1,7
3457,2,2,7
3458,4,1,7
3459,1,8,7
3460,3,2,7
3461,1,1,7
3462,2,1,7
3463,4,2,7
3464,7,6,7
3465,5,5,7
3466,4,3,7
3467,6,2,7
3468,4,8,7
3469,4,3,7
3470,7,5,7
3471,4,1,7
3472,4,1,7
3473,1,3,7
3474,8,2,7
3475,3,3,7
3476,2,7,7
3477,6,5,7
3478,7,4,7
3479,4,1,7
3480,7,6,7
3481,3,1,7
3482,8,2,7
3483,3,1,7
3484,8,2,7
3485,2,3,7
3486,6,8,7
3487,2,4,7
3488,6,6,7
3489,7,7,7
3490,3,3,7
3491,5,5,7
3492,2,2,7
3493,5,6,7
3494,5,5,7
3495,1,4,7
3496,8,7,7
3497,3,3,7
3498,2,7,7
3499,6,5,7
3500,4,7,7
3501,5,3,7
3502,3,3,7
3503,1,4,7
3504,7,6,7
3505,6,8,7
3506,5,8,7
3507,4,7,7
3508,3,7,7
3509,2,2,7
3510,6,5,7
3511,8,6,7
3512,1,1,7
3513,4,3,7
3514,7,3,7
3515,6,5,7
3516,6,4,7
3517,2,1,7
3518,6,7,7
3519,8,4,7
3520,4,3,7
3521,7,1,7
3522,3,1,7
3523,2,7,7
3524,5,5,7
3525,3,1,7
3526,1,4,7
3527,2,8,7
3528,3,1,7
3529,8,2,7
3530,8,4,7
3531,2,8,7
3532,3,4,7
3533,6,8,7
3534,2,2,7
3535,8,2,7
3536,6,3,7
3537,3,3,7
3538,6,8,7
3539,4,1,7
3540,5,2,7
3541,1,3,7
3542,5,7,7
3543,1,7,7
3544,7,3,7
3545,2,8,7
3546,4,3,7
3547,3,2,7
3548,7,6,7
3549,6,1,7
3550,8,2,7
3551,6,5,7
3552,6,4,7
3553,7,4,7
3554,1,2,7
3555,6,5,7
3556,3,3,7
3557,1,2,7
3558,5,6,7
3559,7,1,7
3560,3,1,7
3561,1,7,7
3562,6,4,7
3563,1,1,7
3564,8,2,7
3565,7,5,7
3566,1,7,7
3567,4,3,7
3568,6,5,7
3569,1,4,7
3570,6,8,7
3571,6,7,7
3572,4,3,7
3573,8,4,7
3574,8,1,7
3575,1,2,7
3576,6,2,7
3577,8,1,7
3578,6,3,7
3579,3,2,7
3580,3,8,7
3581,6,8,7
3582,7,5,7
3583,8,2,7
3584,3,3,7
3585,4,3,7
3586,3,1,7
3587,5,5,7
3588,8,2,7
3589,2,4,7
3590,8,4,7
3591,7,3,7
3592,5,5,7
3593,4,1,7
3594,6,1,7
3595,2,4,7
3596,1,6,7
3597,8,4,7
3598,5,6,7
3599,3,1,7
3600,2,7,7
3601,1,1,7
3602,2,7,7
3603,5,8,7
3604,4,1,7
3605,5,8,7
3606,7,4,7
3607,3,3,7
3608,1,2,7
3609,2,7,7
3610,8,2,7
3611,2,4,7
3612,7,5,7
3613,2,2,7
3614,5,2,7
3615,6,8,7
3616,8,3,7
3617,2,2,7
3618,5,7,7
3619,7,1,7
3620,6,3,7
3621,5,6,7
3622,4,8,7
3623,5,5,7
3624,7,3,7
3625,6,2,7
3626,5,8,7
3627,1,6,7
3628,1,1,7
3629,8,2,7
3630,7,3,7
3631,7,4,7
3632,4,3,7
3633,7,2,7
3634,8,2,7
3635,8,3,7
3636,7,1,7
3637,3,2,7
3638,5,8,7
3639,7,4,7
3640,4,1,7
3641,2,4,7
3642,5,8,7
3643,2,7,7
3644,2,3,7
3645,6,5,7
3646,1,6,7
3647,5,3,7
3648,4,1,7
3649,1,1,7
3650,1,2,7
3651,6,5,7
3652,6,7,7
3653,1,4,7
3654,1,8,7
3655,4,3,7
3656,1,7,7
3657,5,5,7
3658,3,3,7
3659,7,1,7
3660,7,4,7
3661,3,3,7
3662,6,1,7
3663,4,7,7
3664,7,4,7
3665,7,1,7
3666,4,7,7
3667,5,2,7
3668,3,1,7
3669,6,7,7
3670,3,3,7
3671,7,1,7
3672,1,2,7
3673,6,1,7
3674,7,4,7
3675,1,2,7
3676,3,2,7
3677,2,2,7
3678,3,2,7
3679,1,8,7
3680,6,7,7
3681,1,6,7
3682,3,1,7
3683,7,2,7
3684,6,2,7
3685,1,1,7
3686,3,1,7
3687,7,1,7
3688,8,4,7
3689,1,3,7
3690,7,1,7
3691,1,2,7
3692,8,2,7
3693,7,4,7
3694,5,2,7
3695,2,4,7
3696,7,4,7
3697,2,7,7
3698,8,2,7
3699,6,2,7
3700,7,1,7
3701,7,6,7
3702,8,2,7
3703,6,3,7
3704,4,1,7
3705,7,4,7
3706,1,4,7
3707,4,1,7
3708,4,7,7
3709,7,7,7
3710,1,1,7
3711,2,4,7
3712,8,1,7
3713,3,7,7
3714,7,4,7
3715,7,6,7
3716,3,1,7
3717,8,1,7
3718,3,1,7
3719,4,1,7
3720,3,3,7
3721,5,2,7
3722,8,1,7
3723,6,2,7
3724,4,3,7
3725,7,6,7
3726,3,8,7
3727,1,1,7
3728,4,3,7
3729,5,5,7
3730,5,5,7
3731,5,1,7
3732,4,1,7
3733,4,3,7
3734,1,2,7
3735,6,6,7
3736,4,1,7
3737,8,1,7
3738,5,7,7
3739,1,1,7
3740,1,7,7
3741,8,2,7
3742,4,1,7
3743,7,3,7
3744,3,3,7
3745,3,3,7
3746,2,7,7
3747,5,1,7
3748,3,1,7
3749,1,3,7
3750,1,1,7
3751,7,5,7
3752,1,2,7
3753,1,7,7
3754,5,8,7
3755,6,1,7
3756,3,3,7
3757,2,6,7
3758,7,3,7
3759,2,7,7
3760,7,1,7
3761,6,3,7
3762,5,5,7
3763,1,1,7
3764,2,1,7
3765,6,2,7
3766,2,3,7
3767,1,2,7
3768,3,3,7
3769,4,1,7
3770,8,1,7
3771,2,3,7
3772,2,7,7
3773,3,4,7
3774,8,6,7
3775,4,1,7
3776,6,7,7
3777,7,1,7
3778,6,5,7
3779,7,4,7
3780,1,1,7
3781,1,1,7
3782,1,3,7
3783,8,2,7
3784,5,5,7
3785,3,3,7
3786,7,2,7
3787,3,1,7
3788,6,2,7
3789,6,2,7
3790,1,2,7
3791,4,1,7
3792,7,3,7
3793,8,2,7
3794,3,1,7
3795,8,2,7
3796,2,7,7
3797,2,4,7
3798,6,4,7
3799,2,1,7
3800,7,1,7
3801,5,4,7
3802,5,1,7
3803,3,1,7
3804,5,7,7
3805,5,2,7
3806,1,4,7
3807,4,3,7
3808,2,8,7
3809,5,4,7
3810,1,1,7
3811,6,7,7
3812,4,7,7
3813,3,1,7
3814,7,8,7
3815,3,2,7
3816,2,2,7
3817,2,7,7
3818,4,3,7
3819,6,1,7
3820,4,3,7
3821,5,6,7
3822,7,3,7
3823,4,1,7
3824,3,2,7
3825,1,3,7
3826,1,3,7
3827,2,4,7
3828,1,2,7
3829,1,7,7
3830,1,7,7
3831,2,7,7
3832,8,2,7
3833,5,2,7
3834,7,1,7
3835,5,3,7
3836,1,5,7
3837,3,1,7
3838,7,6,7
3839,6,6,7
3840,5,8,7
3841,5,8,7
3842,3,2,7
3843,2,8,7
3844,4,1,7
3845,6,8,7
3846,3,3,7
3847,4,3,7
3848,5,4,7
3849,4,3,7
3850,7,1,7
3851,6,1,7
3852,4,8,7
3853,6,3,7
3854,5,6,7
3855,1,1,7
3856,7,1,7
3857,1,1,7
3858,1,2,7
3859,8,2,7
3860,5,1,7
3861,5,5,7
3862,5,4,7
3863,3,3,7
3864,7,2,7
3865,1,7,7
3866,5,1,7
3867,8,2,7
3868,5,4,7
3869,3,1,7
3870,2,1,7
3871,6,1,7
3872,7,3,7
3873,4,3,7
3874,2,7,7
3875,6,8,7
3876,1,3,7
3877,7,3,7
3878,2,2,7
3879,7,1,7
3880,5,1,7
3881,2,2,7
3882,1,1,7
3883,5,6,7
3884,4,3,7
3885,3,2,7
3886,3,1,7
3887,3,2,7
3888,3,3,7
3889,2,2,7
3890,1,1,7
3891,1,7,7
3892,5,6,7
3893,5,8,7
3894,5,5,7
3895,5,2,7
3896,8,6,7
3897,4,1,7
3898,3,5,7
3899,6,4,7
3900,2,2,7
3901,3,3,7
3902,3,3,7
3903,7,7,7
3904,1,1,7
3905,3,2,7
3906,5,1,7
3907,3,3,7
3908,5,8,7
3909,7,1,7
3910,7,4,7
3911,8,2,7
3912,2,7,7
3913,6,7,7
3914,3,2,7
3915,8,2,7
3916,4,4,7
3917,4,1,7
3918,4,4,7
3919,5,7,8
3920,4,7,8
3921,6,3,8
3922,1,4,8
3923,7,6,8
3924,3,1,8
3925,1,2,8
3926,3,7,8
3927,5,5,8
3928,6,8,8
3929,3,3,8
3930,3,7,8
3931,3,2,8
3932,3,1,8
3933,4,1,8
3934,4,1,8
3935,6,6,8
3936,8,2,8
3937,6,2,8
3938,7,6,8
3939,3,1,8
3940,2,7,8
3941,6,2,8
3942,1,2,8
3943,3,1,8
3944,4,1,8
3945,1,3,8
3946,2,2,8
3947,8,1,8
3948,3,1,8
3949,1,7,8
3950,7,8,8
3951,3,7,8
3952,6,1,8
3953,4,8,8
3954,2,2,8
3955,1,1,8
3956,5,1,8
3957,2,1,8
3958,8,1,8
3959,2,7,8
3960,6,5,8
3961,3,2,8
3962,1,4,8
3963,8,1,8
3964,4,1,8
3965,5,2,8
3966,8,2,8
3967,6,7,8
3968,5,1,8
3969,6,5,8
3970,8,6,8
3971,8,2,8
3972,2,2,8
3973,1,2,8
3974,1,1,8
3975,2,6,8
3976,4,3,8
3977,6,2,8
3978,1,2,8
3979,3,3,8
3980,4,3,8
3981,2,6,8
3982,5,6,8
3983,5,8,8
3984,3,3,8
3985,8,2,8
3986,8,1,8
3987,6,7,8
3988,6,5,8
3989,6,2,8
3990,3,1,8
3991,4,6,8
3992,2,8,8
3993,6,4,8
3994,3,2,8
3995,5,3,8
3996,1,6,8
3997,4,6,8
3998,7,2,8
3999,6,5,8
4000,8,2,8
4001,5,5,8
4002,2,3,8
4003,4,1,8
4004,6,1,8
4005,6,4,8
4006,6,7,8
4007,4,2,8
4008,1,4,8
4009,7,1,8
4010,7,4,8
4011,4,8,8
4012,3,3,8
4013,6,5,8
4014,6,2,8
4015,7,5,8
4016,3,6,8
4017,3,3,8
4018,6,4,8
4019,1,5,8
4020,5,1,8
4021,2,2,8
4022,7,5,8
4023,6,7,8
4024,4,5,8
4025,1,2,8
4026,1,1,8
4027,3,4,8
4028,4,3,8
4029,7,4,8
4030,5,8,8
4031,5,4,8
4032,8,4,8
4033,7,2,8
4034,3,1,8
4035,2,7,8
4036,7,2,8
4037,7,4,8
4038,7,1,8
4039,7,2,8
4040,4,1,8
4041,2,1,8
4042,3,3,8
4043,5,6,8
4044,6,1,8
4045,4,3,8
4046,6,3,8
4047,5,2,8
4048,5,6,8
4049,7,4,8
4050,6,3,8
4051,4,6,8
4052,2,4,8
4053,6,2,8
4054,7,4,8
4055,6,2,8
4056,6,5,8
4057,3,3,8
4058,6,7,8
4059,4,7,8
4060,4,3,8
4061,3,5,8
4062,4,1,8
4063,1,2,8
4064,4,2,8
4065,1,1,8
4066,4,1,8
4067,6,1,8
4068,4,2,8
4069,1,1,8
4070,3,2,8
4071,7,1,8
4072,4,1,8
4073,2,2,8
4074,2,1,8
4075,5,5,8
4076,8,1,8
4077,3,1,8
4078,5,2,8
4079,4,3,8
4080,1,4,8
4081,6,5,8
4082,6,3,8
4083,1,6,8
4084,6,7,8
4085,4,3,8
4086,5,5,8
4087,7,5,8
4088,3,3,8
4089,3,3,8
4090,6,2,8
4091,3,3,8
4092,1,4,8
4093,6,5,8
4094,8,2,8
4095,4,2,8
4096,3,1,8
4097,2,2,8
4098,2,7,8
4099,8,2,8
4100,3,3,8
4101,8,3,8
4102,8,2,8
4103,1,4,8
4104,5,4,8
4105,6,7,8
4106,2,6,8
4107,7,7,8
4108,8,2,8
4109,6,4,8
4110,6,7,8
4111,8,2,8
4112,8,6,8
4113,7,8,8
4114,7,5,8
4115,3,3,8
4116,8,1,8
4117,3,1,8
4118,5,8,8
4119,2,6,8
4120,7,2,8
4121,8,2,8
4122,3,2,8
4123,5,1,8
4124,4,3,8
4125,7,3,8
4126,8,2,8
4127,4,3,8
4128,7,4,8
4129,3,6,8
4130,5,1,8
4131,4,6,8
4132,3,1,8
4133,8,4,8
4134,3,3,8
4135,7,7,8
4136,8,4,8
4137,6,7,8
4138,2,2,8
4139,6,5,8
4140,2,7,8
4141,2,1,8
4142,4,3,8
4143,1,1,8
4144,3,6,8
4145,5,7,8
4146,2,2,8
4147,2,7,8
4148,1,1,8
4149,8,6,8
4150,3,1,8
4151,6,8,8
4152,8,1,8
4153,1,1,8
4154,4,1,8
4155,3,1,8
4156,8,2,8
4157,1,4,8
4158,6,7,8
4159,1,1,8
4160,6,8,8
4161,5,6,8
4162,5,2,8
4163,5,2,8
4164,6,3,8
4165,7,2,8
4166,5,1,8
4167,8,2,8
4168,5,8,8
4169,5,2,8
4170,1,7,8
4171,3,3,8
4172,5,5,8
4173,8,3,8
4174,8,6,8
4175,1,1,8
4176,1,3,8
4177,6,1,8
4178,7,8,8
4179,5,8,8
4180,2,6,8
4181,4,7,8
4182,8,4,8
4183,5,2,8
4184,1,2,8
4185,4,3,8
4186,7,8,8
4187,1,2,8
4188,5,8,8
4189,4,3,8
4190,1,1,8
4191,7,7,8
4192,8,6,8
4193,2,1,8
4194,8,2,8
4195,5,2,8
4196,8,2,8
4197,4,1,8
4198,5,2,8
4199,8,2,8
4200,4,3,8
4201,2,6,8
4202,1,7,8
4203,1,7,8
4204,4,4,8
4205,3,3,8
4206,8,2,8
4207,2,7,8
4208,3,2,8
4209,6,2,8
4210,4,1,8
4211,7,5,8
4212,4,7,8
4213,1,1,8
4214,6,3,8
4215,8,3,8
4216,4,3,8
4217,3,2,8
4218,3,1,8
4219,8,7,8
4220,5,7,8
4221,1,1,8
4222,2,7,8
4223,1,2,8
4224,7,5,8
4225,7,4,8
4226,6,7,8
4227,5,8,8
4228,4,3,8
4229,1,7,8
4230,8,2,8
4231,6,3,8
4232,4,4,8
4233,3,2,8
4234,1,2,8
4235,5,8,8
4236,2,7,8
4237,1,2,8
4238,2,1,8
4239,8,2,8
4240,2,4,8
4241,1,7,8
4242,8,2,8
4243,8,4,8
4244,5,6,8
4245,4,3,8
4246,6,4,8
4247,8,2,8
4248,5,7,8
4249,5,6,8
4250,2,2,8
4251,2,1,8
4252,2,7,8
4253,5,1,8
4254,5,2,8
4255,8,2,8
4256,8,6,8
4257,7,5,8
4258,4,3,8
4259,8,4,8
4260,1,8,8
4261,8,8,8
4262,1,2,8
4263,3,3,8
4264,1,5,8
4265,1,6,8
4266,8,2,8
4267,1,7,8
4268,2,3,8
4269,5,1,8
4270,6,7,8
4271,4,7,8
4272,6,8,8
4273,7,1,8
4274,6,3,8
4275,8,2,8
4276,4,1,8
4277,4,1,8
4278,2,3,8
4279,6,7,8
4280,7,3,8
4281,5,6,8
4282,4,2,8
4283,2,4,8
4284,1,2,8
4285,5,7,8
4286,2,1,8
4287,8,2,8
4288,2,7,8
4289,5,1,8
4290,8,2,8
4291,4,8,8
4292,8,2,8
4293,5,6,8
4294,8,8,8
4295,6,4,8
4296,4,3,8
4297,1,1,8
4298,1,6,8
4299,1,4,8
4300,1,5,8
4301,7,4,8
4302,4,1,8
4303,4,7,8
4304,4,8,8
4305,5,8,8
4306,2,2,8
4307,2,7,8
4308,7,6,8
4309,3,4,8
4310,4,3,8
4311,6,7,8
4312,6,1,8
4313,7,8,8
4314,7,4,8
4315,3,6,8
4316,6,5,8
4317,6,2,8
4318,8,3,8
4319,3,3,8
4320,3,1,8
4321,3,1,8
4322,1,7,8
4323,6,8,8
4324,3,1,8
4325,2,4,8
4326,7,1,8
4327,2,1,8
4328,7,2,8
4329,7,4,8
4330,6,7,8
4331,3,3,8
4332,6,8,8
4333,1,2,8
4334,3,7,8
4335,6,4,8
4336,5,4,8
4337,3,2,8
4338,8,1,8
4339,7,1,8
4340,2,4,8
4341,4,3,8
4342,8,2,8
4343,8,6,8
4344,7,1,8
4345,8,6,8
4346,2,1,8
4347,8,2,8
4348,2,3,8
4349,2,7,8
4350,5,7,8
4351,5,5,8
4352,5,4,8
4353,8,4,8
4354,2,2,8
4355,6,3,8
4356,4,4,8
4357,2,2,8
4358,2,2,8
4359,2,3,8
4360,2,7,8
4361,2,7,8
4362,8,6,8
4363,1,4,8
4364,5,8,8
4365,1,7,8
4366,2,2,8
4367,4,3,8
4368,7,2,8
4369,2,4,8
4370,2,2,8
4371,7,4,8
4372,8,1,8
4373,4,3,8
4374,8,1,8
4375,7,3,8
4376,2,7,8
4377,4,2,8
4378,1,1,8
4379,8,4,8
4380,3,7,8
4381,5,6,8
4382,7,2,8
4383,6,2,8
4384,5,2,8
4385,4,1,8
4386,4,2,8
4387,4,6,8
4388,7,3,8
4389,3,2,8
4390,6,5,8
4391,1,7,8
4392,6,8,8
4393,7,3,8
4394,7,1,8
4395,8,7,8
4396,8,2,8
4397,1,1,8
4398,3,2,8
4399,7,2,8
4400,2,7,8
4401,5,2,8
4402,5,8,8
4403,5,8,8
4404,8,6,8
4405,1,7,8
4406,7,5,8
4407,3,1,8
4408,8,7,8
4409,2,1,8
4410,3,1,8
4411,2,4,8
4412,7,4,8
4413,5,8,8
4414,3,7,8
4415,5,1,8
4416,8,1,8
4417,1,1,8
4418,4,7,8
4419,3,2,8
4420,8,2,8
4421,8,2,8
4422,3,2,8
4423,8,1,8
4424,2,7,8
4425,7,4,8
4426,6,5,8
4427,4,1,8
4428,1,5,8
4429,7,1,8
4430,6,4,8
4431,8,1,8
4432,5,2,8
4433,6,5,8
4434,4,1,8
4435,8,1,8
4436,1,4,8
4437,3,2,8
4438,7,3,8
4439,4,1,8
4440,5,6,8
4441,6,1,8
4442,2,7,8
4443,7,7,8
4444,5,3,8
4445,5,7,8
4446,1,6,8
4447,5,5,8
4448,4,1,8
4449,2,7,8
4450,8,2,8
4451,5,5,8
4452,6,1,8
4453,2,2,8
4454,7,4,8
4455,6,8,8
4456,2,7,8
4457,7,4,8
4458,6,3,8
4459,6,2,8
4460,1,1,8
4461,6,3,8
4462,8,2,8
4463,4,1,8
4464,8,2,8
4465,2,7,8
4466,4,3,8
4467,7,1,8
4468,4,3,8
4469,7,4,8
4470,8,2,8
4471,5,1,8
4472,5,8,8
4473,3,3,8
4474,2,4,8
4475,2,1,8
4476,3,2,8
4477,8,6,8
4478,4,1,8
